유치원명,교육지원청명,특수유아수,유아수,특수유아비율,특수학급수,특수학급총합,특수교사수,특수교사당유아,학급대비특수교사수,특수유아있지만학급없음,특수유아있지만교사없음,교사가없는특수아동
서울정심초등학교병설유치원,남부교육지원청,4,38,0.1052632,1,1,1,4.0,1.0,0,0,0.0
서울솔방울유치원,강동송파교육지원청,6,108,0.0555556,1,1,0,0.0,0.0,0,1,6.0
란키즈유치원,강동송파교육지원청,0,75,0.0,0,0,0,0.0,0.0,0,0,0.0
서울신현초등학교병설유치원,동부교육지원청,4,50,0.08,1,1,1,4.0,1.0,0,0,0.0
서울신묵초등학교병설유치원,동부교육지원청,0,33,0.0,0,0,0,0.0,0.0,0,0,0.0
다우림유치원,서부교육지원청,0,57,0.0,0,0,0,0.0,0.0,0,0,0.0
서울소의초등학교병설유치원,서부교육지원청,0,34,0.0,0,0,0,0.0,0.0,0,0,0.0
서울상계초등학교병설유치원,북부교육지원청,0,15,0.0,0,0,0,0.0,0.0,0,0,0.0
서울송파위례유치원,강동송파교육지원청,4,119,0.0336134,1,1,1,4.0,1.0,0,0,0.0
서울월천초등학교병설유치원,북부교육지원청,0,33,0.0,0,0,0,0.0,0.0,0,0,0.0
서울신구유치원,강남서초교육지원청,2,60,0.0333333,1,1,0,0.0,0.0,0,1,2.0
서울세명유치원,강남서초교육지원청,4,84,0.047619,1,1,0,0.0,0.0,0,1,4.0
한신유치원,강남서초교육지원청,0,139,0.0,0,0,0,0.0,0.0,0,0,0.0
서울강월초등학교병설유치원,강서양천교육지원청,0,13,0.0,0,0,0,0.0,0.0,0,0,0.0
강남유치원,강남서초교육지원청,0,76,0.0,0,0,0,0.0,0.0,0,0,0.0
서울연광초등학교병설유치원,서부교육지원청,0,23,0.0,0,0,0,0.0,0.0,0,0,0.0
서울원명초등학교병설유치원,강남서초교육지원청,0,59,0.0,0,0,0,0.0,0.0,0,0,0.0
홍익대학교사범대학부속유치원,서부교육지원청,0,145,0.0,0,0,0,0.0,0.0,0,0,0.0
서울마장초등학교병설유치원,성동광진교육지원청,0,33,0.0,0,0,0,0.0,0.0,0,0,0.0
서울우솔초등학교병설유치원,강남서초교육지원청,4,53,0.0754717,1,1,1,4.0,1.0,0,0,0.0
서울언주초등학교병설유치원,강남서초교육지원청,0,59,0.0,0,0,0,0.0,0.0,0,0,0.0
서울개원초등학교병설유치원,강남서초교육지원청,0,17,0.0,0,0,0,0.0,0.0,0,0,0.0
한별유치원,동작관악교육지원청,0,108,0.0,0,0,0,0.0,0.0,0,0,0.0
서울백산초등학교병설유치원,남부교육지원청,0,39,0.0,0,0,0,0.0,0.0,0,0,0.0
서울아람유치원,남부교육지원청,0,51,0.0,0,0,0,0.0,0.0,0,0,0.0
성모유치원,남부교육지원청,0,113,0.0,0,0,0,0.0,0.0,0,0,0.0
새서울유치원,강서양천교육지원청,0,66,0.0,0,0,0,0.0,0.0,0,0,0.0
샘터유치원,강서양천교육지원청,0,110,0.0,0,0,0,0.0,0.0,0,0,0.0
서울경인유치원,강서양천교육지원청,4,71,0.056338,1,1,1,4.0,1.0,0,0,0.0
서울공항초등학교병설유치원,강서양천교육지원청,4,75,0.0533333,1,1,0,0.0,0.0,0,1,4.0
새일문유치원,동부교육지원청,0,48,0.0,0,0,0,0.0,0.0,0,0,0.0
서울중곡초등학교병설유치원,동부교육지원청,0,51,0.0,0,0,0,0.0,0.0,0,0,0.0
한울유치원,북부교육지원청,0,26,0.0,0,0,0,0.0,0.0,0,0,0.0
햇살유치원,북부교육지원청,0,110,0.0,0,0,0,0.0,0.0,0,0,0.0
효천유치원,북부교육지원청,0,85,0.0,0,0,0,0.0,0.0,0,0,0.0
궁전유치원,서부교육지원청,0,36,0.0,0,0,0,0.0,0.0,0,0,0.0
꿀벌유치원,강동송파교육지원청,0,86,0.0,0,0,0,0.0,0.0,0,0,0.0
송원유치원,강동송파교육지원청,0,110,0.0,0,0,0,0.0,0.0,0,0,0.0
행복한유치원,북부교육지원청,0,56,0.0,0,0,0,0.0,0.0,0,0,0.0
성아유치원,서부교육지원청,0,81,0.0,0,0,0,0.0,0.0,0,0,0.0
성균관유치원,서부교육지원청,0,135,0.0,0,0,0,0.0,0.0,0,0,0.0
백주유치원,동부교육지원청,0,42,0.0,0,0,0,0.0,0.0,0,0,0.0
동산유치원,서부교육지원청,0,91,0.0,0,0,0,0.0,0.0,0,0,0.0
강변유치원,중부교육지원청,0,34,0.0,0,0,0,0.0,0.0,0,0,0.0
개동유치원,성북강북교육지원청,0,53,0.0,0,0,0,0.0,0.0,0,0,0.0
영광유치원,성북강북교육지원청,0,127,0.0,0,0,0,0.0,0.0,0,0,0.0
은영유치원,성북강북교육지원청,0,87,0.0,0,0,0,0.0,0.0,0,0,0.0
솔샘유치원,강서양천교육지원청,0,86,0.0,0,0,0,0.0,0.0,0,0,0.0
한나유치원,강서양천교육지원청,0,49,0.0,0,0,0,0.0,0.0,0,0,0.0
화곡유치원,강서양천교육지원청,0,12,0.0,0,0,0,0.0,0.0,0,0,0.0
정훈유치원,남부교육지원청,0,133,0.0,0,0,0,0.0,0.0,0,0,0.0
큰나무유치원,남부교육지원청,0,77,0.0,0,0,0,0.0,0.0,0,0,0.0
평강유치원,남부교육지원청,0,117,0.0,0,0,0,0.0,0.0,0,0,0.0
선희유치원,북부교육지원청,0,47,0.0,0,0,0,0.0,0.0,0,0,0.0
슬기유치원,북부교육지원청,0,197,0.0,0,0,0,0.0,0.0,0,0,0.0
영은유치원,북부교육지원청,0,66,0.0,0,0,0,0.0,0.0,0,0,0.0
서울마포초등학교병설유치원,서부교육지원청,0,71,0.0,0,0,0,0.0,0.0,0,0,0.0
서울상암초등학교병설유치원,서부교육지원청,0,47,0.0,0,0,0,0.0,0.0,0,0,0.0
서울신도초등학교병설유치원,서부교육지원청,3,24,0.125,1,1,1,3.0,1.0,0,0,0.0
서일유치원,서부교육지원청,0,117,0.0,0,0,0,0.0,0.0,0,0,0.0
선경유치원,성동광진교육지원청,0,140,0.0,0,0,0,0.0,0.0,0,0,0.0
성산유치원,성동광진교육지원청,0,49,0.0,0,0,0,0.0,0.0,0,0,0.0
자양유치원,성동광진교육지원청,0,33,0.0,0,0,0,0.0,0.0,0,0,0.0
프라임유치원,성동광진교육지원청,0,146,0.0,0,0,0,0.0,0.0,0,0,0.0
서울신천초등학교병설유치원,강동송파교육지원청,4,66,0.0606061,1,1,0,0.0,0.0,0,1,4.0
장미유치원,강동송파교육지원청,0,60,0.0,0,0,0,0.0,0.0,0,0,0.0
연유치원,서부교육지원청,0,87,0.0,0,0,0,0.0,0.0,0,0,0.0
도곡렉슬유치원,강남서초교육지원청,0,199,0.0,0,0,0,0.0,0.0,0,0,0.0
두산효자유치원,성북강북교육지원청,0,68,0.0,0,0,0,0.0,0.0,0,0,0.0
동원유치원,동작관악교육지원청,0,44,0.0,0,0,0,0.0,0.0,0,0,0.0
서울관악초등학교병설유치원,동작관악교육지원청,4,47,0.0851064,1,1,0,0.0,0.0,0,1,4.0
키즈위즈유치원,북부교육지원청,0,57,0.0,0,0,0,0.0,0.0,0,0,0.0
새싹유치원,성북강북교육지원청,0,117,0.0,0,0,0,0.0,0.0,0,0,0.0
한영중고등학교병설한영유치원,강동송파교육지원청,0,162,0.0,0,0,0,0.0,0.0,0,0,0.0
서울월촌초등학교병설유치원,강서양천교육지원청,0,69,0.0,0,0,0,0.0,0.0,0,0,0.0
선미유치원,강서양천교육지원청,0,87,0.0,0,0,0,0.0,0.0,0,0,0.0
솔밭유치원,강서양천교육지원청,0,43,0.0,0,0,0,0.0,0.0,0,0,0.0
미림유치원,남부교육지원청,0,54,0.0,0,0,0,0.0,0.0,0,0,0.0
예일유치원,동부교육지원청,0,124,0.0,0,0,0,0.0,0.0,0,0,0.0
은하유치원,남부교육지원청,0,87,0.0,0,0,0,0.0,0.0,0,0,0.0
서울은로초등학교병설유치원,동작관악교육지원청,4,84,0.047619,1,1,1,4.0,1.0,0,0,0.0
서울은천초등학교병설유치원,동작관악교육지원청,4,57,0.0701754,1,1,1,4.0,1.0,0,0,0.0
예림유치원,동작관악교육지원청,0,11,0.0,0,0,0,0.0,0.0,0,0,0.0
보나유치원,북부교육지원청,0,77,0.0,0,0,0,0.0,0.0,0,0,0.0
공릉 사라유치원,북부교육지원청,0,71,0.0,0,0,0,0.0,0.0,0,0,0.0
상원유치원,북부교육지원청,0,108,0.0,0,0,0,0.0,0.0,0,0,0.0
서울수락초등학교병설유치원,북부교육지원청,4,25,0.16,1,1,1,4.0,1.0,0,0,0.0
육사유치원,북부교육지원청,0,47,0.0,0,0,0,0.0,0.0,0,0,0.0
이레유치원,북부교육지원청,0,73,0.0,0,0,0,0.0,0.0,0,0,0.0
정의유치원,북부교육지원청,0,126,0.0,0,0,0,0.0,0.0,0,0,0.0
청아유치원,북부교육지원청,0,75,0.0,0,0,0,0.0,0.0,0,0,0.0
배영유치원,서부교육지원청,0,83,0.0,0,0,0,0.0,0.0,0,0,0.0
영암유치원,성북강북교육지원청,0,68,0.0,0,0,0,0.0,0.0,0,0,0.0
성신유치원,성북강북교육지원청,0,103,0.0,0,0,0,0.0,0.0,0,0,0.0
영동제일유치원,강남서초교육지원청,0,128,0.0,0,0,0,0.0,0.0,0,0,0.0
석문유치원,강남서초교육지원청,0,93,0.0,0,0,0,0.0,0.0,0,0,0.0
여나유치원,강남서초교육지원청,0,126,0.0,0,0,0,0.0,0.0,0,0,0.0
영유유치원,강남서초교육지원청,0,62,0.0,0,0,0,0.0,0.0,0,0,0.0
서울충무초등학교병설유치원,중부교육지원청,0,23,0.0,0,0,0,0.0,0.0,0,0,0.0
서울한남초등학교병설유치원,중부교육지원청,0,34,0.0,0,0,0,0.0,0.0,0,0,0.0
영락유치원,중부교육지원청,0,51,0.0,0,0,0,0.0,0.0,0,0,0.0
옥인유치원,중부교육지원청,0,64,0.0,0,0,0,0.0,0.0,0,0,0.0
충신유치원,중부교육지원청,0,160,0.0,0,0,0,0.0,0.0,0,0,0.0
새움유치원,강동송파교육지원청,0,89,0.0,0,0,0,0.0,0.0,0,0,0.0
예랑유치원,북부교육지원청,0,45,0.0,0,0,0,0.0,0.0,0,0,0.0
서울장곡초등학교병설유치원,성북강북교육지원청,0,60,0.0,0,0,0,0.0,0.0,0,0,0.0
서울세곡초등학교병설유치원,남부교육지원청,4,27,0.1481481,1,1,1,4.0,1.0,0,0,0.0
서울면동초등학교병설유치원,동부교육지원청,0,45,0.0,0,0,0,0.0,0.0,0,0,0.0
삼성유치원,동부교육지원청,0,198,0.0,0,0,0,0.0,0.0,0,0,0.0
참사랑유치원,남부교육지원청,0,140,0.0,0,0,0,0.0,0.0,0,0,0.0
온누리유치원,북부교육지원청,0,98,0.0,0,0,0,0.0,0.0,0,0,0.0
서울자양초등학교병설유치원,성동광진교육지원청,0,55,0.0,0,0,0,0.0,0.0,0,0,0.0
금성유치원,성북강북교육지원청,0,31,0.0,0,0,0,0.0,0.0,0,0,0.0
동명유치원,성북강북교육지원청,0,45,0.0,0,0,0,0.0,0.0,0,0,0.0
길물빛유치원,성북강북교육지원청,0,77,0.0,0,0,0,0.0,0.0,0,0,0.0
준현유치원,강동송파교육지원청,0,140,0.0,0,0,0,0.0,0.0,0,0,0.0
서울신성초등학교병설유치원,동작관악교육지원청,5,72,0.0694444,1,1,1,5.0,1.0,0,0,0.0
꽃동산유치원,북부교육지원청,0,15,0.0,0,0,0,0.0,0.0,0,0,0.0
고덕유치원,강동송파교육지원청,0,98,0.0,0,0,0,0.0,0.0,0,0,0.0
서울진관유치원,서부교육지원청,5,71,0.0704225,1,1,1,5.0,1.0,0,0,0.0
서울은빛유치원,서부교육지원청,5,106,0.0471698,1,1,1,5.0,1.0,0,0,0.0
서울공진초등학교병설유치원,강서양천교육지원청,0,58,0.0,0,0,0,0.0,0.0,0,0,0.0
선일유치원,서부교육지원청,0,110,0.0,0,0,0,0.0,0.0,0,0,0.0
서울상도유치원,동작관악교육지원청,3,94,0.0319149,1,1,1,3.0,1.0,0,0,0.0
총신대부속유치원,동작관악교육지원청,0,137,0.0,0,0,0,0.0,0.0,0,0,0.0
큰솔유치원,동작관악교육지원청,0,164,0.0,0,0,0,0.0,0.0,0,0,0.0
현대유치원,동작관악교육지원청,0,145,0.0,0,0,0,0.0,0.0,0,0,0.0
서울개봉초등학교병설유치원,남부교육지원청,4,60,0.0666667,1,1,0,0.0,0.0,0,1,4.0
서울영서초등학교병설유치원,남부교육지원청,4,36,0.1111111,1,1,1,4.0,1.0,0,0,0.0
서울윤중초등학교병설유치원,남부교육지원청,0,43,0.0,0,0,0,0.0,0.0,0,0,0.0
광남유치원,성동광진교육지원청,0,141,0.0,0,0,0,0.0,0.0,0,0,0.0
보라유치원,강서양천교육지원청,0,84,0.0,0,0,0,0.0,0.0,0,0,0.0
서강유치원,강서양천교육지원청,0,102,0.0,0,0,0,0.0,0.0,0,0,0.0
서울전동초등학교병설유치원,동부교육지원청,5,45,0.1111111,1,1,1,5.0,1.0,0,0,0.0
자람유치원,동부교육지원청,0,34,0.0,0,0,0,0.0,0.0,0,0,0.0
신일유치원,동부교육지원청,0,30,0.0,0,0,0,0.0,0.0,0,0,0.0
아랑유치원,동부교육지원청,0,61,0.0,0,0,0,0.0,0.0,0,0,0.0
학여울유치원,북부교육지원청,0,146,0.0,0,0,0,0.0,0.0,0,0,0.0
효자유치원,북부교육지원청,0,108,0.0,0,0,0,0.0,0.0,0,0,0.0
우일유치원,강동송파교육지원청,0,282,0.0,0,0,0,0.0,0.0,0,0,0.0
석촌유치원,강동송파교육지원청,0,240,0.0,0,0,0,0.0,0.0,0,0,0.0
서울상지초등학교병설유치원,서부교육지원청,5,42,0.1190476,1,1,1,5.0,1.0,0,0,0.0
대진유치원,서부교육지원청,0,83,0.0,0,0,0,0.0,0.0,0,0,0.0
예슬유치원,강동송파교육지원청,0,156,0.0,0,0,0,0.0,0.0,0,0,0.0
샛별유치원,강동송파교육지원청,0,61,0.0,0,0,0,0.0,0.0,0,0,0.0
동삼유치원,강동송파교육지원청,0,14,0.0,0,0,0,0.0,0.0,0,0,0.0
로뎅유치원,동부교육지원청,0,31,0.0,0,0,0,0.0,0.0,0,0,0.0
원일유치원,강서양천교육지원청,0,88,0.0,0,0,0,0.0,0.0,0,0,0.0
나비유치원,남부교육지원청,0,50,0.0,0,0,0,0.0,0.0,0,0,0.0
조형유치원,남부교육지원청,0,37,0.0,0,0,0,0.0,0.0,0,0,0.0
준희유치원,남부교육지원청,0,20,0.0,0,0,0,0.0,0.0,0,0,0.0
어린이회관유치원,성동광진교육지원청,0,270,0.0,0,0,0,0.0,0.0,0,0,0.0
영화유치원,성동광진교육지원청,0,45,0.0,0,0,0,0.0,0.0,0,0,0.0
육영유치원,강남서초교육지원청,0,56,0.0,0,0,0,0.0,0.0,0,0,0.0
서울고명초등학교병설유치원,강동송파교육지원청,0,40,0.0,0,0,0,0.0,0.0,0,0,0.0
서울명일유치원,강동송파교육지원청,7,96,0.0729167,1,1,1,7.0,1.0,0,0,0.0
신세기유치원,강서양천교육지원청,0,99,0.0,0,0,0,0.0,0.0,0,0,0.0
성보나유치원,강동송파교육지원청,0,64,0.0,0,0,0,0.0,0.0,0,0,0.0
보고유치원,북부교육지원청,0,53,0.0,0,0,0,0.0,0.0,0,0,0.0
빛나라유치원,성북강북교육지원청,0,40,0.0,0,0,0,0.0,0.0,0,0,0.0
생명나무유치원,강동송파교육지원청,0,138,0.0,0,0,0,0.0,0.0,0,0,0.0
선한유치원,성북강북교육지원청,0,68,0.0,0,0,0,0.0,0.0,0,0,0.0
서울영도초등학교병설유치원,강서양천교육지원청,0,55,0.0,0,0,0,0.0,0.0,0,0,0.0
서울정곡초등학교병설유치원,강서양천교육지원청,0,30,0.0,0,0,0,0.0,0.0,0,0,0.0
신영유치원,강서양천교육지원청,0,109,0.0,0,0,0,0.0,0.0,0,0,0.0
새두산유치원,남부교육지원청,0,82,0.0,0,0,0,0.0,0.0,0,0,0.0
영은유치원,동부교육지원청,0,170,0.0,0,0,0,0.0,0.0,0,0,0.0
동그라미유치원,동작관악교육지원청,0,228,0.0,0,0,0,0.0,0.0,0,0,0.0
세희유치원,남부교육지원청,0,45,0.0,0,0,0,0.0,0.0,0,0,0.0
예닮유치원,동작관악교육지원청,0,25,0.0,0,0,0,0.0,0.0,0,0,0.0
은혜유치원,동작관악교육지원청,0,0,0.0,0,0,0,0.0,0.0,0,0,0.0
다솜유치원,북부교육지원청,0,205,0.0,0,0,0,0.0,0.0,0,0,0.0
대원유치원,북부교육지원청,0,11,0.0,0,0,0,0.0,0.0,0,0,0.0
보배유치원,북부교육지원청,0,59,0.0,0,0,0,0.0,0.0,0,0,0.0
우리유치원,북부교육지원청,0,147,0.0,0,0,0,0.0,0.0,0,0,0.0
초안유치원,북부교육지원청,0,57,0.0,0,0,0,0.0,0.0,0,0,0.0
벧엘유치원,서부교육지원청,0,90,0.0,0,0,0,0.0,0.0,0,0,0.0
예그린유치원,서부교육지원청,0,61,0.0,0,0,0,0.0,0.0,0,0,0.0
색동유치원,서부교육지원청,0,112,0.0,0,0,0,0.0,0.0,0,0,0.0
아이들세상유치원,성동광진교육지원청,0,85,0.0,0,0,0,0.0,0.0,0,0,0.0
사랑유치원,성북강북교육지원청,0,175,0.0,0,0,0,0.0,0.0,0,0,0.0
오송유치원,강동송파교육지원청,0,113,0.0,0,0,0,0.0,0.0,0,0,0.0
서울수서초등학교병설유치원,강남서초교육지원청,0,19,0.0,0,0,0,0.0,0.0,0,0,0.0
서울인왕초등학교병설유치원,서부교육지원청,0,45,0.0,0,0,0,0.0,0.0,0,0,0.0
선경유치원,강남서초교육지원청,0,27,0.0,0,0,0,0.0,0.0,0,0,0.0
신아유치원,강남서초교육지원청,0,120,0.0,0,0,0,0.0,0.0,0,0,0.0
신양유치원,강남서초교육지원청,0,67,0.0,0,0,0,0.0,0.0,0,0,0.0
우정유치원,강남서초교육지원청,0,67,0.0,0,0,0,0.0,0.0,0,0,0.0
강서유치원,강서양천교육지원청,0,103,0.0,0,0,0,0.0,0.0,0,0,0.0
대유유치원,강서양천교육지원청,0,74,0.0,0,0,0,0.0,0.0,0,0,0.0
대한유치원,강서양천교육지원청,0,35,0.0,0,0,0,0.0,0.0,0,0,0.0
동연유치원,강서양천교육지원청,0,59,0.0,0,0,0,0.0,0.0,0,0,0.0
목성유치원,강서양천교육지원청,0,160,0.0,0,0,0,0.0,0.0,0,0,0.0
문성유치원,강서양천교육지원청,0,89,0.0,0,0,0,0.0,0.0,0,0,0.0
숭의여자대학교부설유치원,중부교육지원청,0,60,0.0,0,0,0,0.0,0.0,0,0,0.0
일민유치원,중부교육지원청,0,124,0.0,0,0,0,0.0,0.0,0,0,0.0
한아름유치원,중부교육지원청,0,31,0.0,0,0,0,0.0,0.0,0,0,0.0
서울휘경유치원,동부교육지원청,5,94,0.0531915,1,1,0,0.0,0.0,0,1,5.0
서울도곡초등학교병설유치원,강남서초교육지원청,0,57,0.0,0,0,0,0.0,0.0,0,0,0.0
하늘유치원,서부교육지원청,0,124,0.0,0,0,0,0.0,0.0,0,0,0.0
무지개영재유치원,남부교육지원청,0,246,0.0,0,0,0,0.0,0.0,0,0,0.0
예일유치원,동작관악교육지원청,0,51,0.0,0,0,0,0.0,0.0,0,0,0.0
반석유치원,강동송파교육지원청,0,81,0.0,0,0,0,0.0,0.0,0,0,0.0
청담몬테소리유치원,강남서초교육지원청,0,109,0.0,0,0,0,0.0,0.0,0,0,0.0
동인유치원,성동광진교육지원청,0,19,0.0,0,0,0,0.0,0.0,0,0,0.0
경동유치원,성동광진교육지원청,0,157,0.0,0,0,0,0.0,0.0,0,0,0.0
송곡유치원,성동광진교육지원청,0,61,0.0,0,0,0,0.0,0.0,0,0,0.0
현대유치원,북부교육지원청,0,28,0.0,0,0,0,0.0,0.0,0,0,0.0
백상유치원,남부교육지원청,0,22,0.0,0,0,0,0.0,0.0,0,0,0.0
서울혜화초등학교병설유치원,중부교육지원청,0,15,0.0,0,0,0,0.0,0.0,0,0,0.0
서울구현초등학교병설유치원,서부교육지원청,0,30,0.0,0,0,0,0.0,0.0,0,0,0.0
아랑유치원,성북강북교육지원청,0,190,0.0,0,0,0,0.0,0.0,0,0,0.0
예일유치원,성동광진교육지원청,0,68,0.0,0,0,0,0.0,0.0,0,0,0.0
우람유치원,강서양천교육지원청,0,194,0.0,0,0,0,0.0,0.0,0,0,0.0
서울면목초등학교병설유치원,동부교육지원청,0,36,0.0,0,0,0,0.0,0.0,0,0,0.0
서울문창초등학교병설유치원,동작관악교육지원청,6,72,0.0833333,1,1,1,6.0,1.0,0,0,0.0
잠실럭키유치원,강동송파교육지원청,0,108,0.0,0,0,0,0.0,0.0,0,0,0.0
구룡유치원,강남서초교육지원청,0,85,0.0,0,0,0,0.0,0.0,0,0,0.0
남부유치원,강남서초교육지원청,0,73,0.0,0,0,0,0.0,0.0,0,0,0.0
서울도봉초등학교병설유치원,북부교육지원청,0,12,0.0,0,0,0,0.0,0.0,0,0,0.0
서울수암초등학교병설유치원,북부교육지원청,0,57,0.0,0,0,0,0.0,0.0,0,0,0.0
서울매봉초등학교병설유치원,남부교육지원청,0,44,0.0,0,0,0,0.0,0.0,0,0,0.0
서울서정초등학교병설유치원,강서양천교육지원청,0,59,0.0,0,0,0,0.0,0.0,0,0,0.0
종인유치원,동작관악교육지원청,0,28,0.0,0,0,0,0.0,0.0,0,0,0.0
하늘유치원,동작관악교육지원청,0,42,0.0,0,0,0,0.0,0.0,0,0,0.0
고운유치원,북부교육지원청,0,186,0.0,0,0,0,0.0,0.0,0,0,0.0
까치유치원,북부교육지원청,0,113,0.0,0,0,0,0.0,0.0,0,0,0.0
서울고척초등학교병설유치원,남부교육지원청,4,87,0.045977,1,1,1,4.0,1.0,0,0,0.0
서울남유치원,남부교육지원청,0,88,0.0,0,0,0,0.0,0.0,0,0,0.0
서울탑동유치원,남부교육지원청,0,77,0.0,0,0,0,0.0,0.0,0,0,0.0
살레시오성미유치원,남부교육지원청,0,197,0.0,0,0,0,0.0,0.0,0,0,0.0
피노키오유치원,서부교육지원청,0,80,0.0,0,0,0,0.0,0.0,0,0,0.0
한양제일유치원,서부교육지원청,0,62,0.0,0,0,0,0.0,0.0,0,0,0.0
서울신원초등학교병설유치원,강서양천교육지원청,0,25,0.0,0,0,0,0.0,0.0,0,0,0.0
한별유치원,북부교육지원청,0,82,0.0,0,0,0,0.0,0.0,0,0,0.0
경복유치원,서부교육지원청,0,140,0.0,0,0,0,0.0,0.0,0,0,0.0
성산아트유치원,서부교육지원청,0,113,0.0,0,0,0,0.0,0.0,0,0,0.0
제일무궁화유치원,강동송파교육지원청,0,198,0.0,0,0,0,0.0,0.0,0,0,0.0
동화나라유치원,북부교육지원청,0,60,0.0,0,0,0,0.0,0.0,0,0,0.0
서울송전초등학교병설유치원,강동송파교육지원청,0,38,0.0,0,0,0,0.0,0.0,0,0,0.0
행복유치원,동작관악교육지원청,0,151,0.0,0,0,0,0.0,0.0,0,0,0.0
명덕유치원,강동송파교육지원청,0,131,0.0,0,0,0,0.0,0.0,0,0,0.0
올림픽유치원,강동송파교육지원청,0,103,0.0,0,0,0,0.0,0.0,0,0,0.0
예은유치원,강동송파교육지원청,0,115,0.0,0,0,0,0.0,0.0,0,0,0.0
목원유치원,남부교육지원청,0,169,0.0,0,0,0,0.0,0.0,0,0,0.0
솔방울유치원,동부교육지원청,0,38,0.0,0,0,0,0.0,0.0,0,0,0.0
봄내유치원,동부교육지원청,0,124,0.0,0,0,0,0.0,0.0,0,0,0.0
유정유치원,서부교육지원청,0,153,0.0,0,0,0,0.0,0.0,0,0,0.0
와우랩유치원,서부교육지원청,0,246,0.0,0,0,0,0.0,0.0,0,0,0.0
정님유치원,서부교육지원청,0,148,0.0,0,0,0,0.0,0.0,0,0,0.0
서울청덕초등학교병설유치원,성북강북교육지원청,0,16,0.0,0,0,0,0.0,0.0,0,0,0.0
가명유치원,중부교육지원청,0,75,0.0,0,0,0,0.0,0.0,0,0,0.0
근화유치원,중부교육지원청,0,81,0.0,0,0,0,0.0,0.0,0,0,0.0
배화여자대학교 부속 배화유치원,중부교육지원청,0,74,0.0,0,0,0,0.0,0.0,0,0,0.0
탑주유치원,성북강북교육지원청,0,172,0.0,0,0,0,0.0,0.0,0,0,0.0
성실유치원,성북강북교육지원청,0,105,0.0,0,0,0,0.0,0.0,0,0,0.0
우일유치원,강서양천교육지원청,0,91,0.0,0,0,0,0.0,0.0,0,0,0.0
한영유치원,남부교육지원청,0,93,0.0,0,0,0,0.0,0.0,0,0,0.0
슬기유치원,성동광진교육지원청,0,66,0.0,0,0,0,0.0,0.0,0,0,0.0
윤진유치원,성동광진교육지원청,0,17,0.0,0,0,0,0.0,0.0,0,0,0.0
자양하나유치원,성동광진교육지원청,0,42,0.0,0,0,0,0.0,0.0,0,0,0.0
서울가락초등학교병설유치원,강동송파교육지원청,2,60,0.0333333,1,1,1,2.0,1.0,0,0,0.0
서울길동초등학교병설유치원,강동송파교육지원청,0,58,0.0,0,0,0,0.0,0.0,0,0,0.0
예원유치원,강동송파교육지원청,0,43,0.0,0,0,0,0.0,0.0,0,0,0.0
햇빛유치원,강동송파교육지원청,0,244,0.0,0,0,0,0.0,0.0,0,0,0.0
계상유치원,강서양천교육지원청,0,162,0.0,0,0,0,0.0,0.0,0,0,0.0
나사렛유치원,서부교육지원청,0,135,0.0,0,0,0,0.0,0.0,0,0,0.0
우리곰유치원,강서양천교육지원청,0,70,0.0,0,0,0,0.0,0.0,0,0,0.0
희산유치원,북부교육지원청,0,49,0.0,0,0,0,0.0,0.0,0,0,0.0
동선유치원,성북강북교육지원청,0,29,0.0,0,0,0,0.0,0.0,0,0,0.0
명덕유치원,성북강북교육지원청,0,11,0.0,0,0,0,0.0,0.0,0,0,0.0
녹원유치원,강동송파교육지원청,0,105,0.0,0,0,0,0.0,0.0,0,0,0.0
서울양목초등학교병설유치원,강서양천교육지원청,4,45,0.0888889,1,1,1,4.0,1.0,0,0,0.0
세진유치원,강서양천교육지원청,0,58,0.0,0,0,0,0.0,0.0,0,0,0.0
신정유치원,강서양천교육지원청,0,222,0.0,0,0,0,0.0,0.0,0,0,0.0
동천유치원,남부교육지원청,0,58,0.0,0,0,0,0.0,0.0,0,0,0.0
명신유치원,남부교육지원청,0,108,0.0,0,0,0,0.0,0.0,0,0,0.0
윤경유치원,동부교육지원청,0,120,0.0,0,0,0,0.0,0.0,0,0,0.0
한양유치원,동부교육지원청,0,67,0.0,0,0,0,0.0,0.0,0,0,0.0
양지유치원,남부교육지원청,0,39,0.0,0,0,0,0.0,0.0,0,0,0.0
우성유치원,남부교육지원청,0,51,0.0,0,0,0,0.0,0.0,0,0,0.0
서울청룡초등학교병설유치원,동작관악교육지원청,0,38,0.0,0,0,0,0.0,0.0,0,0,0.0
양문유치원,동작관악교육지원청,0,13,0.0,0,0,0,0.0,0.0,0,0,0.0
보람유치원,서부교육지원청,0,37,0.0,0,0,0,0.0,0.0,0,0,0.0
성심유치원,성동광진교육지원청,0,55,0.0,0,0,0,0.0,0.0,0,0,0.0
화랑유치원,강동송파교육지원청,0,14,0.0,0,0,0,0.0,0.0,0,0,0.0
서울역삼초등학교병설유치원,강남서초교육지원청,2,32,0.0625,1,1,1,2.0,1.0,0,0,0.0
세하유치원,동부교육지원청,0,96,0.0,0,0,0,0.0,0.0,0,0,0.0
서울돈암초등학교병설유치원,성북강북교육지원청,0,36,0.0,0,0,0,0.0,0.0,0,0,0.0
서울수유초등학교병설유치원,성북강북교육지원청,3,32,0.09375,1,1,1,3.0,1.0,0,0,0.0
공항제일유치원,강서양천교육지원청,0,21,0.0,0,0,0,0.0,0.0,0,0,0.0
목동다솜유치원,강서양천교육지원청,0,62,0.0,0,0,0,0.0,0.0,0,0,0.0
등현유치원,강서양천교육지원청,0,158,0.0,0,0,0,0.0,0.0,0,0,0.0
상명사대부속유치원,중부교육지원청,0,146,0.0,0,0,0,0.0,0.0,0,0,0.0
서울덕수초등학교병설유치원,중부교육지원청,0,48,0.0,0,0,0,0.0,0.0,0,0,0.0
서울재동초등학교병설유치원,중부교육지원청,0,38,0.0,0,0,0,0.0,0.0,0,0,0.0
원유치원,중부교육지원청,0,169,0.0,0,0,0,0.0,0.0,0,0,0.0
유성유치원,중부교육지원청,0,96,0.0,0,0,0,0.0,0.0,0,0,0.0
청룡유치원,중부교육지원청,0,10,0.0,0,0,0,0.0,0.0,0,0,0.0
희망찬유치원,성북강북교육지원청,0,125,0.0,0,0,0,0.0,0.0,0,0,0.0
서울방이초등학교병설유치원,강동송파교육지원청,5,55,0.0909091,1,1,1,5.0,1.0,0,0,0.0
서울신명초등학교병설유치원,강동송파교육지원청,0,20,0.0,0,0,0,0.0,0.0,0,0,0.0
샛별유치원,동작관악교육지원청,0,167,0.0,0,0,0,0.0,0.0,0,0,0.0
강동유정유치원,강동송파교육지원청,0,409,0.0,0,0,0,0.0,0.0,0,0,0.0
보성유치원,성동광진교육지원청,0,87,0.0,0,0,0,0.0,0.0,0,0,0.0
아름유치원,성북강북교육지원청,0,19,0.0,0,0,0,0.0,0.0,0,0,0.0
은하유치원,성북강북교육지원청,0,68,0.0,0,0,0,0.0,0.0,0,0,0.0
한마음유치원,성북강북교육지원청,0,122,0.0,0,0,0,0.0,0.0,0,0,0.0
신암유치원,성북강북교육지원청,0,80,0.0,0,0,0,0.0,0.0,0,0,0.0
서울미래초등학교병설유치원,남부교육지원청,0,56,0.0,0,0,0,0.0,0.0,0,0,0.0
성락유치원,남부교육지원청,0,17,0.0,0,0,0,0.0,0.0,0,0,0.0
솔샘유치원,성북강북교육지원청,0,194,0.0,0,0,0,0.0,0.0,0,0,0.0
유니유치원,강서양천교육지원청,0,142,0.0,0,0,0,0.0,0.0,0,0,0.0
서울영동초등학교병설유치원,남부교육지원청,3,41,0.0731707,1,1,1,3.0,1.0,0,0,0.0
서울연은초등학교병설유치원,서부교육지원청,5,39,0.1282051,1,1,1,5.0,1.0,0,0,0.0
서울묵현초등학교병설유치원,동부교육지원청,5,31,0.1612903,1,1,1,5.0,1.0,0,0,0.0
서울남천초등학교병설유치원,강동송파교육지원청,0,10,0.0,0,0,0,0.0,0.0,0,0,0.0
창문유치원,성북강북교육지원청,0,168,0.0,0,0,0,0.0,0.0,0,0,0.0
은아유치원,동작관악교육지원청,0,209,0.0,0,0,0,0.0,0.0,0,0,0.0
공능유치원,북부교육지원청,0,37,0.0,0,0,0,0.0,0.0,0,0,0.0
서울국악유치원,남부교육지원청,0,133,0.0,0,0,0,0.0,0.0,0,0,0.0
서울영등포초등학교병설유치원,남부교육지원청,4,28,0.1428571,1,1,1,4.0,1.0,0,0,0.0
성심유치원,남부교육지원청,0,97,0.0,0,0,0,0.0,0.0,0,0,0.0
조은유치원,서부교육지원청,0,122,0.0,0,0,0,0.0,0.0,0,0,0.0
충암유치원,서부교육지원청,0,158,0.0,0,0,0,0.0,0.0,0,0,0.0
현대홍익유치원,서부교육지원청,0,100,0.0,0,0,0,0.0,0.0,0,0,0.0
방화이화유치원,강서양천교육지원청,0,51,0.0,0,0,0,0.0,0.0,0,0,0.0
사슴유치원,강서양천교육지원청,0,76,0.0,0,0,0,0.0,0.0,0,0,0.0
서울유치원,동부교육지원청,0,93,0.0,0,0,0,0.0,0.0,0,0,0.0
녹번유치원,서부교육지원청,0,22,0.0,0,0,0,0.0,0.0,0,0,0.0
라라유치원,서부교육지원청,0,26,0.0,0,0,0,0.0,0.0,0,0,0.0
신예유치원,강서양천교육지원청,0,55,0.0,0,0,0,0.0,0.0,0,0,0.0
기린유치원,강동송파교육지원청,0,20,0.0,0,0,0,0.0,0.0,0,0,0.0
파란나라유치원,남부교육지원청,0,194,0.0,0,0,0,0.0,0.0,0,0,0.0
그림유치원,강동송파교육지원청,0,171,0.0,0,0,0,0.0,0.0,0,0,0.0
아이코리아부속새세대유치원,강동송파교육지원청,0,91,0.0,0,0,0,0.0,0.0,0,0,0.0
나래유치원,동부교육지원청,0,135,0.0,0,0,0,0.0,0.0,0,0,0.0
동일유치원,동부교육지원청,0,120,0.0,0,0,0,0.0,0.0,0,0,0.0
미광유치원,동부교육지원청,0,49,0.0,0,0,0,0.0,0.0,0,0,0.0
사군자유치원,동부교육지원청,0,18,0.0,0,0,0,0.0,0.0,0,0,0.0
산정현유치원,동부교육지원청,0,30,0.0,0,0,0,0.0,0.0,0,0,0.0
새샛별유치원,동부교육지원청,0,70,0.0,0,0,0,0.0,0.0,0,0,0.0
서울용강초등학교병설유치원,서부교육지원청,5,28,0.1785714,1,1,1,5.0,1.0,0,0,0.0
이화여자대학교사범대학부속이화유치원,서부교육지원청,0,141,0.0,0,0,0,0.0,0.0,0,0,0.0
인왕유치원,서부교육지원청,0,19,0.0,0,0,0,0.0,0.0,0,0,0.0
영재유치원,성북강북교육지원청,0,51,0.0,0,0,0,0.0,0.0,0,0,0.0
예지유치원,강서양천교육지원청,0,60,0.0,0,0,0,0.0,0.0,0,0,0.0
진일유치원,강서양천교육지원청,0,29,0.0,0,0,0,0.0,0.0,0,0,0.0
개봉샛별유치원,남부교육지원청,0,40,0.0,0,0,0,0.0,0.0,0,0,0.0
파랑새유치원,남부교육지원청,0,79,0.0,0,0,0,0.0,0.0,0,0,0.0
평화유치원,남부교육지원청,0,48,0.0,0,0,0,0.0,0.0,0,0,0.0
선덕유치원,북부교육지원청,0,41,0.0,0,0,0,0.0,0.0,0,0,0.0
염광유치원,북부교육지원청,0,50,0.0,0,0,0,0.0,0.0,0,0,0.0
서울북성유치원,서부교육지원청,5,98,0.0510204,1,1,1,5.0,1.0,0,0,0.0
성수아름유치원,성동광진교육지원청,0,20,0.0,0,0,0,0.0,0.0,0,0,0.0
정신유치원,성동광진교육지원청,0,38,0.0,0,0,0,0.0,0.0,0,0,0.0
푸른유치원,강남서초교육지원청,0,146,0.0,0,0,0,0.0,0.0,0,0,0.0
하나유치원,강남서초교육지원청,0,174,0.0,0,0,0,0.0,0.0,0,0,0.0
서울강덕초등학교병설유치원,강동송파교육지원청,5,71,0.0704225,1,1,1,5.0,1.0,0,0,0.0
근화유치원,강동송파교육지원청,0,58,0.0,0,0,0,0.0,0.0,0,0,0.0
별나라유치원,강동송파교육지원청,0,29,0.0,0,0,0,0.0,0.0,0,0,0.0
둔촌유치원,강동송파교육지원청,0,63,0.0,0,0,0,0.0,0.0,0,0,0.0
운산유치원,성북강북교육지원청,0,32,0.0,0,0,0,0.0,0.0,0,0,0.0
사랑유치원,동작관악교육지원청,0,43,0.0,0,0,0,0.0,0.0,0,0,0.0
산내들유치원,북부교육지원청,0,20,0.0,0,0,0,0.0,0.0,0,0,0.0
서울베네딕도유치원,성북강북교육지원청,0,138,0.0,0,0,0,0.0,0.0,0,0,0.0
무지개유치원,동작관악교육지원청,0,43,0.0,0,0,0,0.0,0.0,0,0,0.0
벧엘유치원,동작관악교육지원청,0,133,0.0,0,0,0,0.0,0.0,0,0,0.0
서울유치원,동작관악교육지원청,0,19,0.0,0,0,0,0.0,0.0,0,0,0.0
월드유치원,서부교육지원청,0,345,0.0,0,0,0,0.0,0.0,0,0,0.0
송파유정유치원,강동송파교육지원청,0,384,0.0,0,0,0,0.0,0.0,0,0,0.0
예은유치원,강서양천교육지원청,0,0,0.0,0,0,0,0.0,0.0,0,0,0.0
서울천왕초등학교병설유치원,남부교육지원청,0,40,0.0,0,0,0,0.0,0.0,0,0,0.0
수미유치원,강서양천교육지원청,0,5,0.0,0,0,0,0.0,0.0,0,0,0.0
수영유치원,강서양천교육지원청,0,75,0.0,0,0,0,0.0,0.0,0,0,0.0
사랑유치원,남부교육지원청,0,156,0.0,0,0,0,0.0,0.0,0,0,0.0
파스텔유치원,동부교육지원청,0,33,0.0,0,0,0,0.0,0.0,0,0,0.0
나랑유치원,동작관악교육지원청,0,84,0.0,0,0,0,0.0,0.0,0,0,0.0
시내유치원,남부교육지원청,0,66,0.0,0,0,0,0.0,0.0,0,0,0.0
여의유치원,남부교육지원청,0,31,0.0,0,0,0,0.0,0.0,0,0,0.0
성모유치원,동작관악교육지원청,0,51,0.0,0,0,0,0.0,0.0,0,0,0.0
덕성여자대학교부속유치원,북부교육지원청,0,89,0.0,0,0,0,0.0,0.0,0,0,0.0
미광유치원,북부교육지원청,0,43,0.0,0,0,0,0.0,0.0,0,0,0.0
청암유치원,북부교육지원청,0,22,0.0,0,0,0,0.0,0.0,0,0,0.0
풍천유치원,북부교육지원청,0,125,0.0,0,0,0,0.0,0.0,0,0,0.0
하늘유치원,북부교육지원청,0,77,0.0,0,0,0,0.0,0.0,0,0,0.0
아이들이야기유치원,서부교육지원청,0,66,0.0,0,0,0,0.0,0.0,0,0,0.0
삼성유치원,서부교육지원청,0,153,0.0,0,0,0,0.0,0.0,0,0,0.0
새나유치원,서부교육지원청,0,147,0.0,0,0,0,0.0,0.0,0,0,0.0
서울염경초등학교병설유치원,강서양천교육지원청,0,62,0.0,0,0,0,0.0,0.0,0,0,0.0
서울반포초등학교병설유치원,강남서초교육지원청,0,0,0.0,0,0,0,0.0,0.0,0,0,0.0
신우주유치원,강남서초교육지원청,0,34,0.0,0,0,0,0.0,0.0,0,0,0.0
서울장충유치원,중부교육지원청,4,65,0.0615385,1,1,1,4.0,1.0,0,0,0.0
운현유치원,중부교육지원청,0,75,0.0,0,0,0,0.0,0.0,0,0,0.0
정우유치원,중부교육지원청,0,29,0.0,0,0,0,0.0,0.0,0,0,0.0
한가람유치원,중부교육지원청,0,41,0.0,0,0,0,0.0,0.0,0,0,0.0
대원유치원,성동광진교육지원청,0,43,0.0,0,0,0,0.0,0.0,0,0,0.0
서울자곡초등학교병설유치원,강남서초교육지원청,0,43,0.0,0,0,0,0.0,0.0,0,0,0.0
굿프랜드유치원,남부교육지원청,0,168,0.0,0,0,0,0.0,0.0,0,0,0.0
등촌이화유치원,강서양천교육지원청,0,17,0.0,0,0,0,0.0,0.0,0,0,0.0
하나유치원,서부교육지원청,0,146,0.0,0,0,0,0.0,0.0,0,0,0.0
강일늘사랑유치원,강동송파교육지원청,0,219,0.0,0,0,0,0.0,0.0,0,0,0.0
광장유치원,성동광진교육지원청,0,43,0.0,0,0,0,0.0,0.0,0,0,0.0
서울양남초등학교병설유치원,성동광진교육지원청,4,36,0.1111111,1,1,0,0.0,0.0,0,1,4.0
서울공릉초등학교병설유치원,북부교육지원청,0,32,0.0,0,0,0,0.0,0.0,0,0,0.0
유안유치원,성북강북교육지원청,0,47,0.0,0,0,0,0.0,0.0,0,0,0.0
옥수삼성유치원,성동광진교육지원청,0,59,0.0,0,0,0,0.0,0.0,0,0,0.0
광운유치원,성북강북교육지원청,0,62,0.0,0,0,0,0.0,0.0,0,0,0.0
서울은명초등학교병설유치원,서부교육지원청,0,20,0.0,0,0,0,0.0,0.0,0,0,0.0
아란유치원,강서양천교육지원청,0,112,0.0,0,0,0,0.0,0.0,0,0,0.0
아이디유치원,북부교육지원청,0,112,0.0,0,0,0,0.0,0.0,0,0,0.0
서울우면초등학교병설유치원,강남서초교육지원청,3,34,0.0882353,1,1,1,3.0,1.0,0,0,0.0
서울대왕초등학교병설유치원,강남서초교육지원청,0,48,0.0,0,0,0,0.0,0.0,0,0,0.0
서울창신초등학교병설유치원,중부교육지원청,0,35,0.0,0,0,0,0.0,0.0,0,0,0.0
하늘빛유치원,강남서초교육지원청,0,52,0.0,0,0,0,0.0,0.0,0,0,0.0
돌샘유치원,강남서초교육지원청,0,134,0.0,0,0,0,0.0,0.0,0,0,0.0
럭키유치원,강남서초교육지원청,0,128,0.0,0,0,0,0.0,0.0,0,0,0.0
리라유치원,강남서초교육지원청,0,51,0.0,0,0,0,0.0,0.0,0,0,0.0
묘동유치원,강남서초교육지원청,0,124,0.0,0,0,0,0.0,0.0,0,0,0.0
동산유치원,남부교육지원청,0,116,0.0,0,0,0,0.0,0.0,0,0,0.0
은혜유치원,서부교육지원청,0,0,0.0,0,0,0,0.0,0.0,0,0,0.0
서울구로남초등학교병설유치원,남부교육지원청,0,41,0.0,0,0,0,0.0,0.0,0,0,0.0
서울양화초등학교병설유치원,강서양천교육지원청,0,42,0.0,0,0,0,0.0,0.0,0,0,0.0
서울월정초등학교병설유치원,강서양천교육지원청,4,75,0.0533333,1,1,1,4.0,1.0,0,0,0.0
서울우암초등학교병설유치원,강남서초교육지원청,0,12,0.0,0,0,0,0.0,0.0,0,0,0.0
서울남성초등학교병설유치원,동작관악교육지원청,0,53,0.0,0,0,0,0.0,0.0,0,0,0.0
티움유치원,강동송파교육지원청,0,51,0.0,0,0,0,0.0,0.0,0,0,0.0
꿈밭유치원,북부교육지원청,0,144,0.0,0,0,0,0.0,0.0,0,0,0.0
서울도신초등학교병설유치원,남부교육지원청,4,32,0.125,1,1,1,4.0,1.0,0,0,0.0
태영유치원,서부교육지원청,0,120,0.0,0,0,0,0.0,0.0,0,0,0.0
효림유치원,서부교육지원청,0,124,0.0,0,0,0,0.0,0.0,0,0,0.0
미래유치원,강서양천교육지원청,0,60,0.0,0,0,0,0.0,0.0,0,0,0.0
서울내발산초등학교병설유치원,강서양천교육지원청,0,58,0.0,0,0,0,0.0,0.0,0,0,0.0
색동유치원,동부교육지원청,0,11,0.0,0,0,0,0.0,0.0,0,0,0.0
신동아유치원,동부교육지원청,0,133,0.0,0,0,0,0.0,0.0,0,0,0.0
아이비유치원,동부교육지원청,0,151,0.0,0,0,0,0.0,0.0,0,0,0.0
학림유치원,북부교육지원청,0,88,0.0,0,0,0,0.0,0.0,0,0,0.0
은평국제유치원,서부교육지원청,0,170,0.0,0,0,0,0.0,0.0,0,0,0.0
서울장월초등학교병설유치원,성북강북교육지원청,0,59,0.0,0,0,0,0.0,0.0,0,0,0.0
상아유치원,강동송파교육지원청,0,108,0.0,0,0,0,0.0,0.0,0,0,0.0
동성유치원,동부교육지원청,0,157,0.0,0,0,0,0.0,0.0,0,0,0.0
사랑유치원,동부교육지원청,0,124,0.0,0,0,0,0.0,0.0,0,0,0.0
신촌유치원,서부교육지원청,0,103,0.0,0,0,0,0.0,0.0,0,0,0.0
예일유치원,서부교육지원청,0,131,0.0,0,0,0,0.0,0.0,0,0,0.0
현정유치원,성동광진교육지원청,0,51,0.0,0,0,0,0.0,0.0,0,0,0.0
도원유치원,중부교육지원청,0,41,0.0,0,0,0,0.0,0.0,0,0,0.0
리라유치원,중부교육지원청,0,205,0.0,0,0,0,0.0,0.0,0,0,0.0
예원유치원,성북강북교육지원청,0,42,0.0,0,0,0,0.0,0.0,0,0,0.0
까망유치원,성북강북교육지원청,0,34,0.0,0,0,0,0.0,0.0,0,0,0.0
튼튼유치원,강서양천교육지원청,0,80,0.0,0,0,0,0.0,0.0,0,0,0.0
청은유치원,남부교육지원청,0,24,0.0,0,0,0,0.0,0.0,0,0,0.0
혜원유치원,남부교육지원청,0,169,0.0,0,0,0,0.0,0.0,0,0,0.0
서울신상계초등학교병설유치원,북부교육지원청,4,54,0.0740741,1,1,1,4.0,1.0,0,0,0.0
서울창동초등학교병설유치원,북부교육지원청,0,20,0.0,0,0,0,0.0,0.0,0,0,0.0
양지유치원,북부교육지원청,0,67,0.0,0,0,0,0.0,0.0,0,0,0.0
서울금화초등학교병설유치원,서부교육지원청,5,87,0.0574713,1,1,1,5.0,1.0,0,0,0.0
선미유치원,성동광진교육지원청,0,29,0.0,0,0,0,0.0,0.0,0,0,0.0
선화유치원,성동광진교육지원청,0,112,0.0,0,0,0,0.0,0.0,0,0,0.0
청구이화유치원,성동광진교육지원청,0,114,0.0,0,0,0,0.0,0.0,0,0,0.0
초원유치원,강남서초교육지원청,0,65,0.0,0,0,0,0.0,0.0,0,0,0.0
무지개유치원,북부교육지원청,0,81,0.0,0,0,0,0.0,0.0,0,0,0.0
봄샘유치원,중부교육지원청,0,58,0.0,0,0,0,0.0,0.0,0,0,0.0
동아유치원,동작관악교육지원청,0,124,0.0,0,0,0,0.0,0.0,0,0,0.0
상도유치원,동작관악교육지원청,0,29,0.0,0,0,0,0.0,0.0,0,0,0.0
삼풍유치원,북부교육지원청,0,223,0.0,0,0,0,0.0,0.0,0,0,0.0
해뜨는유치원,성북강북교육지원청,0,132,0.0,0,0,0,0.0,0.0,0,0,0.0
반포자이유치원,강남서초교육지원청,0,138,0.0,0,0,0,0.0,0.0,0,0,0.0
서울신은초등학교병설유치원,강서양천교육지원청,0,24,0.0,0,0,0,0.0,0.0,0,0,0.0
세성유치원,성동광진교육지원청,0,56,0.0,0,0,0,0.0,0.0,0,0,0.0
예크유치원,강동송파교육지원청,0,114,0.0,0,0,0,0.0,0.0,0,0,0.0
성보유치원,강서양천교육지원청,0,58,0.0,0,0,0,0.0,0.0,0,0,0.0
어린이의정원유치원,강서양천교육지원청,0,209,0.0,0,0,0,0.0,0.0,0,0,0.0
돈보스꼬유치원,남부교육지원청,0,179,0.0,0,0,0,0.0,0.0,0,0,0.0
동부유치원,남부교육지원청,0,45,0.0,0,0,0,0.0,0.0,0,0,0.0
젬마유치원,동부교육지원청,0,82,0.0,0,0,0,0.0,0.0,0,0,0.0
여의도유치원,남부교육지원청,0,77,0.0,0,0,0,0.0,0.0,0,0,0.0
예림유치원,남부교육지원청,0,34,0.0,0,0,0,0.0,0.0,0,0,0.0
예쁨유치원,남부교육지원청,0,40,0.0,0,0,0,0.0,0.0,0,0,0.0
열림유치원,동작관악교육지원청,0,182,0.0,0,0,0,0.0,0.0,0,0,0.0
동은유치원,북부교육지원청,0,28,0.0,0,0,0,0.0,0.0,0,0,0.0
두솔유치원,북부교육지원청,0,86,0.0,0,0,0,0.0,0.0,0,0,0.0
새봄유치원,북부교육지원청,0,51,0.0,0,0,0,0.0,0.0,0,0,0.0
자연유치원,북부교육지원청,0,115,0.0,0,0,0,0.0,0.0,0,0,0.0
천사유치원,북부교육지원청,0,70,0.0,0,0,0,0.0,0.0,0,0,0.0
백합유치원,서부교육지원청,0,117,0.0,0,0,0,0.0,0.0,0,0,0.0
보림유치원,서부교육지원청,0,35,0.0,0,0,0,0.0,0.0,0,0,0.0
새현대유치원,서부교육지원청,0,62,0.0,0,0,0,0.0,0.0,0,0,0.0
성체유치원,성북강북교육지원청,0,91,0.0,0,0,0,0.0,0.0,0,0,0.0
서울동신초등학교병설유치원,성북강북교육지원청,0,27,0.0,0,0,0,0.0,0.0,0,0,0.0
아란유치원,강남서초교육지원청,0,80,0.0,0,0,0,0.0,0.0,0,0,0.0
서울잠일초등학교병설유치원,강동송파교육지원청,0,37,0.0,0,0,0,0.0,0.0,0,0,0.0
광영유치원,강서양천교육지원청,0,41,0.0,0,0,0,0.0,0.0,0,0,0.0
대붕유치원,강서양천교육지원청,0,20,0.0,0,0,0,0.0,0.0,0,0,0.0
서울남정초등학교병설유치원,중부교육지원청,0,55,0.0,0,0,0,0.0,0.0,0,0,0.0
신동아큰나무유치원,중부교육지원청,0,18,0.0,0,0,0,0.0,0.0,0,0,0.0
약수유치원,중부교육지원청,0,44,0.0,0,0,0,0.0,0.0,0,0,0.0
서울솔가람유치원,강동송파교육지원청,4,120,0.0333333,1,1,1,4.0,1.0,0,0,0.0
해맑은유치원,서부교육지원청,0,10,0.0,0,0,0,0.0,0.0,0,0,0.0
푸른나라유치원,남부교육지원청,0,40,0.0,0,0,0,0.0,0.0,0,0,0.0
서울용답초등학교병설유치원,성동광진교육지원청,4,17,0.2352941,1,1,1,4.0,1.0,0,0,0.0
서울구일초등학교병설유치원,남부교육지원청,0,39,0.0,0,0,0,0.0,0.0,0,0,0.0
은새유치원,강동송파교육지원청,0,76,0.0,0,0,0,0.0,0.0,0,0,0.0
서울율현초등학교병설유치원,강남서초교육지원청,4,91,0.043956,1,1,1,4.0,1.0,0,0,0.0
이루니유치원,동부교육지원청,0,205,0.0,0,0,0,0.0,0.0,0,0,0.0
동심유치원,성동광진교육지원청,0,17,0.0,0,0,0,0.0,0.0,0,0,0.0
하나유치원,성북강북교육지원청,0,109,0.0,0,0,0,0.0,0.0,0,0,0.0
화계유치원,성북강북교육지원청,0,36,0.0,0,0,0,0.0,0.0,0,0,0.0
경은유치원,성북강북교육지원청,0,56,0.0,0,0,0,0.0,0.0,0,0,0.0
나래유치원,성북강북교육지원청,0,70,0.0,0,0,0,0.0,0.0,0,0,0.0
새삼선유치원,성북강북교육지원청,0,67,0.0,0,0,0,0.0,0.0,0,0,0.0
반디유치원,성북강북교육지원청,0,90,0.0,0,0,0,0.0,0.0,0,0,0.0
유정유치원,강동송파교육지원청,0,390,0.0,0,0,0,0.0,0.0,0,0,0.0
꿈나라유치원,동작관악교육지원청,0,154,0.0,0,0,0,0.0,0.0,0,0,0.0
서울송원초등학교병설유치원,성동광진교육지원청,0,33,0.0,0,0,0,0.0,0.0,0,0,0.0
서울수색초등학교병설유치원,서부교육지원청,0,56,0.0,0,0,0,0.0,0.0,0,0,0.0
돌샘유치원,강동송파교육지원청,0,225,0.0,0,0,0,0.0,0.0,0,0,0.0
신반포중앙유치원,강남서초교육지원청,0,82,0.0,0,0,0,0.0,0.0,0,0,0.0
아이조아유치원,성동광진교육지원청,0,23,0.0,0,0,0,0.0,0.0,0,0,0.0
영생유치원,강남서초교육지원청,0,56,0.0,0,0,0,0.0,0.0,0,0,0.0
율화유치원,성동광진교육지원청,0,70,0.0,0,0,0,0.0,0.0,0,0,0.0
은비유치원,동작관악교육지원청,0,172,0.0,0,0,0,0.0,0.0,0,0,0.0
한가람유치원,성북강북교육지원청,0,240,0.0,0,0,0,0.0,0.0,0,0,0.0
서울화계초등학교병설유치원,성북강북교육지원청,0,51,0.0,0,0,0,0.0,0.0,0,0,0.0
서울성수초등학교병설유치원,성동광진교육지원청,0,34,0.0,0,0,0,0.0,0.0,0,0,0.0
서울강신초등학교병설유치원,강서양천교육지원청,4,55,0.0727273,1,1,1,4.0,1.0,0,0,0.0
서울연신초등학교병설유치원,서부교육지원청,0,32,0.0,0,0,0,0.0,0.0,0,0,0.0
서울하늘숲유치원,남부교육지원청,4,112,0.0357143,1,1,1,4.0,1.0,0,0,0.0
동우유치원,강남서초교육지원청,0,69,0.0,0,0,0,0.0,0.0,0,0,0.0
동화유치원,강남서초교육지원청,0,71,0.0,0,0,0,0.0,0.0,0,0,0.0
서울봉천초등학교병설유치원,동작관악교육지원청,4,30,0.1333333,1,1,1,4.0,1.0,0,0,0.0
성요셉유치원,남부교육지원청,0,72,0.0,0,0,0,0.0,0.0,0,0,0.0
경원유치원,성동광진교육지원청,0,34,0.0,0,0,0,0.0,0.0,0,0,0.0
세종유치원,동부교육지원청,0,53,0.0,0,0,0,0.0,0.0,0,0,0.0
소화유치원,동부교육지원청,0,67,0.0,0,0,0,0.0,0.0,0,0,0.0
수산유치원,동부교육지원청,0,109,0.0,0,0,0,0.0,0.0,0,0,0.0
한가람유치원,강동송파교육지원청,0,44,0.0,0,0,0,0.0,0.0,0,0,0.0
불광유치원,강동송파교육지원청,0,110,0.0,0,0,0,0.0,0.0,0,0,0.0
아이파크예원유치원,강서양천교육지원청,0,148,0.0,0,0,0,0.0,0.0,0,0,0.0
리아유치원,강동송파교육지원청,0,130,0.0,0,0,0,0.0,0.0,0,0,0.0
한성유치원,강동송파교육지원청,0,110,0.0,0,0,0,0.0,0.0,0,0,0.0
사랑유치원,북부교육지원청,0,57,0.0,0,0,0,0.0,0.0,0,0,0.0
엔젤유치원,서부교육지원청,0,156,0.0,0,0,0,0.0,0.0,0,0,0.0
서울길음유치원,성북강북교육지원청,0,90,0.0,0,0,0,0.0,0.0,0,0,0.0
서울삼선초등학교병설유치원,성북강북교육지원청,3,45,0.0666667,1,1,1,3.0,1.0,0,0,0.0
서울성북초등학교병설유치원,성북강북교육지원청,4,13,0.3076923,1,1,1,4.0,1.0,0,0,0.0
서울숭곡초등학교병설유치원,성북강북교육지원청,0,60,0.0,0,0,0,0.0,0.0,0,0,0.0
계성유치원,중부교육지원청,0,227,0.0,0,0,0,0.0,0.0,0,0,0.0
대건유치원,중부교육지원청,0,138,0.0,0,0,0,0.0,0.0,0,0,0.0
에덴유치원,성동광진교육지원청,0,140,0.0,0,0,0,0.0,0.0,0,0,0.0
그림유치원,동부교육지원청,0,158,0.0,0,0,0,0.0,0.0,0,0,0.0
성북유치원,북부교육지원청,0,46,0.0,0,0,0,0.0,0.0,0,0,0.0
성실유치원,북부교육지원청,0,110,0.0,0,0,0,0.0,0.0,0,0,0.0
예진유치원,북부교육지원청,0,131,0.0,0,0,0,0.0,0.0,0,0,0.0
서문유치원,서부교육지원청,0,13,0.0,0,0,0,0.0,0.0,0,0,0.0
서울은평초등학교병설유치원,서부교육지원청,0,30,0.0,0,0,0,0.0,0.0,0,0,0.0
서울창천초등학교병설유치원,서부교육지원청,0,37,0.0,0,0,0,0.0,0.0,0,0,0.0
서울홍제초등학교병설유치원,서부교육지원청,5,97,0.0515464,1,1,1,5.0,1.0,0,0,0.0
성결유치원,서부교육지원청,0,47,0.0,0,0,0,0.0,0.0,0,0,0.0
인애유치원,성동광진교육지원청,0,74,0.0,0,0,0,0.0,0.0,0,0,0.0
서울거여초등학교병설유치원,강동송파교육지원청,4,75,0.0533333,1,1,0,0.0,0.0,0,1,4.0
벧엘유치원,성동광진교육지원청,0,279,0.0,0,0,0,0.0,0.0,0,0,0.0
다연유치원,북부교육지원청,0,56,0.0,0,0,0,0.0,0.0,0,0,0.0
동그라미유치원,강서양천교육지원청,0,134,0.0,0,0,0,0.0,0.0,0,0,0.0
레인보우유치원,강서양천교육지원청,0,81,0.0,0,0,0,0.0,0.0,0,0,0.0
메이플유치원,동작관악교육지원청,0,92,0.0,0,0,0,0.0,0.0,0,0,0.0
서울신남성초등학교병설유치원,동작관악교육지원청,0,28,0.0,0,0,0,0.0,0.0,0,0,0.0
서울신우유치원,동작관악교육지원청,5,47,0.106383,1,1,1,5.0,1.0,0,0,0.0
서울논현초등학교병설유치원,강남서초교육지원청,5,54,0.0925926,1,1,0,0.0,0.0,0,1,5.0
서울하늘초등학교병설유치원,서부교육지원청,0,70,0.0,0,0,0,0.0,0.0,0,0,0.0
서울청파초등학교병설유치원,중부교육지원청,0,26,0.0,0,0,0,0.0,0.0,0,0,0.0
무학유치원,성동광진교육지원청,0,32,0.0,0,0,0,0.0,0.0,0,0,0.0
가람유치원,강동송파교육지원청,0,155,0.0,0,0,0,0.0,0.0,0,0,0.0
세화유치원,강서양천교육지원청,0,136,0.0,0,0,0,0.0,0.0,0,0,0.0
양서유치원,강서양천교육지원청,0,54,0.0,0,0,0,0.0,0.0,0,0,0.0
대림유치원,남부교육지원청,0,16,0.0,0,0,0,0.0,0.0,0,0,0.0
동정성모유치원,남부교육지원청,0,146,0.0,0,0,0,0.0,0.0,0,0,0.0
바니유치원,남부교육지원청,0,51,0.0,0,0,0,0.0,0.0,0,0,0.0
홍릉유치원,동부교육지원청,0,21,0.0,0,0,0,0.0,0.0,0,0,0.0
강남유치원,동작관악교육지원청,0,69,0.0,0,0,0,0.0,0.0,0,0,0.0
노량진교회유치원,동작관악교육지원청,0,61,0.0,0,0,0,0.0,0.0,0,0,0.0
신라유치원,남부교육지원청,0,42,0.0,0,0,0,0.0,0.0,0,0,0.0
영은유치원,남부교육지원청,0,95,0.0,0,0,0,0.0,0.0,0,0,0.0
영중유치원,남부교육지원청,0,87,0.0,0,0,0,0.0,0.0,0,0,0.0
신림유치원,동작관악교육지원청,0,62,0.0,0,0,0,0.0,0.0,0,0,0.0
애동유치원,동작관악교육지원청,0,81,0.0,0,0,0,0.0,0.0,0,0,0.0
서울상곡초등학교병설유치원,북부교육지원청,0,64,0.0,0,0,0,0.0,0.0,0,0,0.0
서울서신초등학교병설유치원,서부교육지원청,0,17,0.0,0,0,0,0.0,0.0,0,0,0.0
서울장수초등학교병설유치원,강서양천교육지원청,3,61,0.0491803,1,1,1,3.0,1.0,0,0,0.0
리틀바움유치원,강동송파교육지원청,0,8,0.0,0,0,0,0.0,0.0,0,0,0.0
자연유치원,서부교육지원청,0,142,0.0,0,0,0,0.0,0.0,0,0,0.0
천사유치원,강남서초교육지원청,0,87,0.0,0,0,0,0.0,0.0,0,0,0.0
국제유치원,강서양천교육지원청,0,47,0.0,0,0,0,0.0,0.0,0,0,0.0
등대유치원,강서양천교육지원청,0,144,0.0,0,0,0,0.0,0.0,0,0,0.0
등촌제일유치원,강서양천교육지원청,0,122,0.0,0,0,0,0.0,0.0,0,0,0.0
신일유치원,중부교육지원청,0,49,0.0,0,0,0,0.0,0.0,0,0,0.0
하나유치원,중부교육지원청,0,98,0.0,0,0,0,0.0,0.0,0,0,0.0
한일유치원,중부교육지원청,0,72,0.0,0,0,0,0.0,0.0,0,0,0.0
루이유치원,성북강북교육지원청,0,81,0.0,0,0,0,0.0,0.0,0,0,0.0
푸른동산유치원,남부교육지원청,0,215,0.0,0,0,0,0.0,0.0,0,0,0.0
서울신자초등학교병설유치원,성동광진교육지원청,0,40,0.0,0,0,0,0.0,0.0,0,0,0.0
한양여자대학교부속유치원,성동광진교육지원청,0,72,0.0,0,0,0,0.0,0.0,0,0,0.0
덕수유치원,성북강북교육지원청,0,65,0.0,0,0,0,0.0,0.0,0,0,0.0
혜림유치원,강동송파교육지원청,0,103,0.0,0,0,0,0.0,0.0,0,0,0.0
푸른꿈유치원,강동송파교육지원청,0,10,0.0,0,0,0,0.0,0.0,0,0,0.0
다우림명문유치원,서부교육지원청,0,143,0.0,0,0,0,0.0,0.0,0,0,0.0
우촌유치원,성북강북교육지원청,0,155,0.0,0,0,0,0.0,0.0,0,0,0.0
미래클유치원,강서양천교육지원청,0,144,0.0,0,0,0,0.0,0.0,0,0,0.0
하랑숲유치원,동작관악교육지원청,0,187,0.0,0,0,0,0.0,0.0,0,0,0.0
서울연천초등학교병설유치원,서부교육지원청,0,18,0.0,0,0,0,0.0,0.0,0,0,0.0
서울경수초등학교병설유치원,성동광진교육지원청,0,34,0.0,0,0,0,0.0,0.0,0,0,0.0
서울당중초등학교병설유치원,남부교육지원청,0,61,0.0,0,0,0,0.0,0.0,0,0,0.0
꿈모리유치원,북부교육지원청,0,33,0.0,0,0,0,0.0,0.0,0,0,0.0
꿈동산유치원,북부교육지원청,0,237,0.0,0,0,0,0.0,0.0,0,0,0.0
서울두산초등학교병설유치원,남부교육지원청,4,59,0.0677966,1,1,1,4.0,1.0,0,0,0.0
서울영중초등학교병설유치원,남부교육지원청,4,60,0.0666667,1,1,1,4.0,1.0,0,0,0.0
경하유치원,성동광진교육지원청,0,25,0.0,0,0,0,0.0,0.0,0,0,0.0
서울동원초등학교병설유치원,동부교육지원청,4,59,0.0677966,1,1,1,4.0,1.0,0,0,0.0
서울장평초등학교병설유치원,동부교육지원청,0,50,0.0,0,0,0,0.0,0.0,0,0,0.0
한사랑유치원,북부교육지원청,0,82,0.0,0,0,0,0.0,0.0,0,0,0.0
무지개나라유치원,서부교육지원청,0,76,0.0,0,0,0,0.0,0.0,0,0,0.0
동화나라유치원,강동송파교육지원청,0,189,0.0,0,0,0,0.0,0.0,0,0,0.0
시연유치원,강동송파교육지원청,0,149,0.0,0,0,0,0.0,0.0,0,0,0.0
서울길원초등학교병설유치원,성북강북교육지원청,0,57,0.0,0,0,0,0.0,0.0,0,0,0.0
서울대동초등학교병설유치원,남부교육지원청,0,39,0.0,0,0,0,0.0,0.0,0,0,0.0
밀알유치원,강동송파교육지원청,0,37,0.0,0,0,0,0.0,0.0,0,0,0.0
누리에유치원,동부교육지원청,0,121,0.0,0,0,0,0.0,0.0,0,0,0.0
자인유치원,서부교육지원청,0,34,0.0,0,0,0,0.0,0.0,0,0,0.0
한일유치원,성동광진교육지원청,0,78,0.0,0,0,0,0.0,0.0,0,0,0.0
서울정덕초등학교병설유치원,성북강북교육지원청,0,47,0.0,0,0,0,0.0,0.0,0,0,0.0
예린유치원,성북강북교육지원청,0,49,0.0,0,0,0,0.0,0.0,0,0,0.0
영천유치원,성북강북교육지원청,0,59,0.0,0,0,0,0.0,0.0,0,0,0.0
꿈동산유치원,성북강북교육지원청,0,46,0.0,0,0,0,0.0,0.0,0,0,0.0
장미유치원,강서양천교육지원청,0,80,0.0,0,0,0,0.0,0.0,0,0,0.0
한서유치원,강서양천교육지원청,0,116,0.0,0,0,0,0.0,0.0,0,0,0.0
해림유치원,강서양천교육지원청,0,114,0.0,0,0,0,0.0,0.0,0,0,0.0
홍신유치원,강서양천교육지원청,0,198,0.0,0,0,0,0.0,0.0,0,0,0.0
꿀벌유치원,남부교육지원청,0,85,0.0,0,0,0,0.0,0.0,0,0,0.0
일신유치원,남부교육지원청,0,43,0.0,0,0,0,0.0,0.0,0,0,0.0
한신유치원,남부교육지원청,0,158,0.0,0,0,0,0.0,0.0,0,0,0.0
규전유치원,동부교육지원청,0,21,0.0,0,0,0,0.0,0.0,0,0,0.0
솔샘유치원,북부교육지원청,0,96,0.0,0,0,0,0.0,0.0,0,0,0.0
서울유치원,서부교육지원청,0,69,0.0,0,0,0,0.0,0.0,0,0,0.0
서울선린초등학교병설유치원,강동송파교육지원청,0,52,0.0,0,0,0,0.0,0.0,0,0,0.0
서울세륜초등학교병설유치원,강동송파교육지원청,5,28,0.1785714,1,1,1,5.0,1.0,0,0,0.0
세인유치원,성동광진교육지원청,0,36,0.0,0,0,0,0.0,0.0,0,0,0.0
솔유치원,성동광진교육지원청,0,28,0.0,0,0,0,0.0,0.0,0,0,0.0
은선유치원,강동송파교육지원청,0,154,0.0,0,0,0,0.0,0.0,0,0,0.0
삼육대학교부속유치원,북부교육지원청,0,179,0.0,0,0,0,0.0,0.0,0,0,0.0
서울여자대학교부속유치원,북부교육지원청,0,115,0.0,0,0,0,0.0,0.0,0,0,0.0
명성유치원,동작관악교육지원청,0,42,0.0,0,0,0,0.0,0.0,0,0,0.0
상아유치원,동작관악교육지원청,0,25,0.0,0,0,0,0.0,0.0,0,0,0.0
서울난곡초등학교병설유치원,동작관악교육지원청,4,40,0.1,1,1,1,4.0,1.0,0,0,0.0
신목유치원,강서양천교육지원청,0,45,0.0,0,0,0,0.0,0.0,0,0,0.0
아람유치원,강서양천교육지원청,0,77,0.0,0,0,0,0.0,0.0,0,0,0.0
동일유치원,남부교육지원청,0,149,0.0,0,0,0,0.0,0.0,0,0,0.0
럭키유치원,남부교육지원청,0,63,0.0,0,0,0,0.0,0.0,0,0,0.0
버들유치원,남부교육지원청,0,23,0.0,0,0,0,0.0,0.0,0,0,0.0
예원유치원,동부교육지원청,0,72,0.0,0,0,0,0.0,0.0,0,0,0.0
은성유치원,동부교육지원청,0,211,0.0,0,0,0,0.0,0.0,0,0,0.0
건영유치원,동작관악교육지원청,0,50,0.0,0,0,0,0.0,0.0,0,0,0.0
소망유치원,동작관악교육지원청,0,60,0.0,0,0,0,0.0,0.0,0,0,0.0
승혜유치원,동작관악교육지원청,0,110,0.0,0,0,0,0.0,0.0,0,0,0.0
요요유치원,동작관악교육지원청,0,89,0.0,0,0,0,0.0,0.0,0,0,0.0
서울노일유치원,북부교육지원청,0,82,0.0,0,0,0,0.0,0.0,0,0,0.0
아랑유치원,북부교육지원청,0,112,0.0,0,0,0,0.0,0.0,0,0,0.0
사랑샘유치원,북부교육지원청,0,43,0.0,0,0,0,0.0,0.0,0,0,0.0
원암유치원,북부교육지원청,0,293,0.0,0,0,0,0.0,0.0,0,0,0.0
유화유치원,북부교육지원청,0,64,0.0,0,0,0,0.0,0.0,0,0,0.0
바다의별유치원,서부교육지원청,0,67,0.0,0,0,0,0.0,0.0,0,0,0.0
새싹유치원,서부교육지원청,0,97,0.0,0,0,0,0.0,0.0,0,0,0.0
서울홍파초등학교병설유치원,동부교육지원청,0,18,0.0,0,0,0,0.0,0.0,0,0,0.0
서울화일초등학교병설유치원,강서양천교육지원청,0,48,0.0,0,0,0,0.0,0.0,0,0,0.0
서울휘봉초등학교병설유치원,동부교육지원청,0,37,0.0,0,0,0,0.0,0.0,0,0,0.0
삼성유치원,강동송파교육지원청,0,156,0.0,0,0,0,0.0,0.0,0,0,0.0
서울서래초등학교병설유치원,강남서초교육지원청,5,68,0.0735294,1,1,1,5.0,1.0,0,0,0.0
반포성모유치원,강남서초교육지원청,0,60,0.0,0,0,0,0.0,0.0,0,0,0.0
서울잠신초등학교병설유치원,강동송파교육지원청,5,29,0.1724138,1,1,1,5.0,1.0,0,0,0.0
복자유치원,중부교육지원청,0,99,0.0,0,0,0,0.0,0.0,0,0,0.0
서울명신초등학교병설유치원,중부교육지원청,0,32,0.0,0,0,0,0.0,0.0,0,0,0.0
세종유치원,중부교육지원청,0,45,0.0,0,0,0,0.0,0.0,0,0,0.0
일신유치원,중부교육지원청,0,13,0.0,0,0,0,0.0,0.0,0,0,0.0
서초유치원,강남서초교육지원청,0,241,0.0,0,0,0,0.0,0.0,0,0,0.0
서울새솔유치원,동부교육지원청,11,141,0.0780142,3,3,2,5.5,1.5,0,0,0.0
서울강남초등학교병설유치원,동작관악교육지원청,0,40,0.0,0,0,0,0.0,0.0,0,0,0.0
서울언남초등학교병설유치원,강남서초교육지원청,2,45,0.0444444,1,1,1,2.0,1.0,0,0,0.0
오즈의마법사유치원,강남서초교육지원청,0,199,0.0,0,0,0,0.0,0.0,0,0,0.0
미파유치원,성동광진교육지원청,0,57,0.0,0,0,0,0.0,0.0,0,0,0.0
서울구의초등학교병설유치원,성동광진교육지원청,4,61,0.0655738,1,1,1,4.0,1.0,0,0,0.0
서울옥수초등학교병설유치원,성동광진교육지원청,0,36,0.0,0,0,0,0.0,0.0,0,0,0.0
인수유치원,성북강북교육지원청,0,40,0.0,0,0,0,0.0,0.0,0,0,0.0
좋은나라유치원,성북강북교육지원청,0,186,0.0,0,0,0,0.0,0.0,0,0,0.0
세아유치원,성북강북교육지원청,0,19,0.0,0,0,0,0.0,0.0,0,0,0.0
미타유치원,성동광진교육지원청,0,109,0.0,0,0,0,0.0,0.0,0,0,0.0
꿈밭유치원,강동송파교육지원청,0,41,0.0,0,0,0,0.0,0.0,0,0,0.0
성지유치원,남부교육지원청,0,91,0.0,0,0,0,0.0,0.0,0,0,0.0
운현유치원,남부교육지원청,0,105,0.0,0,0,0,0.0,0.0,0,0,0.0
구강사금강유치원,강동송파교육지원청,0,140,0.0,0,0,0,0.0,0.0,0,0,0.0
잠실밀알유치원,강동송파교육지원청,0,106,0.0,0,0,0,0.0,0.0,0,0,0.0
서울석관초등학교병설유치원,성북강북교육지원청,4,65,0.0615385,1,1,0,0.0,0.0,0,1,4.0
마포대진유치원,서부교육지원청,0,273,0.0,0,0,0,0.0,0.0,0,0,0.0
윤서유치원,강서양천교육지원청,0,148,0.0,0,0,0,0.0,0.0,0,0,0.0
토마토유치원,북부교육지원청,0,23,0.0,0,0,0,0.0,0.0,0,0,0.0
한양유치원,북부교육지원청,0,95,0.0,0,0,0,0.0,0.0,0,0,0.0
서울천호초등학교병설유치원,강동송파교육지원청,4,42,0.0952381,1,1,1,4.0,1.0,0,0,0.0
서울대방초등학교병설유치원,남부교육지원청,0,26,0.0,0,0,0,0.0,0.0,0,0,0.0
반디유치원,강남서초교육지원청,0,86,0.0,0,0,0,0.0,0.0,0,0,0.0
새성민유치원,강남서초교육지원청,0,53,0.0,0,0,0,0.0,0.0,0,0,0.0
새순유치원,강남서초교육지원청,0,52,0.0,0,0,0,0.0,0.0,0,0,0.0
서울신창초등학교병설유치원,북부교육지원청,5,24,0.2083333,1,1,1,5.0,1.0,0,0,0.0
명지전문대학부속명지유치원,서부교육지원청,0,143,0.0,0,0,0,0.0,0.0,0,0,0.0
서울양진초등학교병설유치원,성동광진교육지원청,0,58,0.0,0,0,0,0.0,0.0,0,0,0.0
서울평화초등학교병설유치원,강동송파교육지원청,0,33,0.0,0,0,0,0.0,0.0,0,0,0.0
숲유치원,서부교육지원청,0,201,0.0,0,0,0,0.0,0.0,0,0,0.0
예그린유치원,북부교육지원청,0,113,0.0,0,0,0,0.0,0.0,0,0,0.0
중앙대부속유치원,동작관악교육지원청,0,141,0.0,0,0,0,0.0,0.0,0,0,0.0
꿈터유치원,북부교육지원청,0,110,0.0,0,0,0,0.0,0.0,0,0,0.0
현대경복유치원,서부교육지원청,0,124,0.0,0,0,0,0.0,0.0,0,0,0.0
홍제성당유치원,서부교육지원청,0,75,0.0,0,0,0,0.0,0.0,0,0,0.0
미도유치원,강서양천교육지원청,0,87,0.0,0,0,0,0.0,0.0,0,0,0.0
빛나유치원,강서양천교육지원청,0,106,0.0,0,0,0,0.0,0.0,0,0,0.0
서울신기초등학교병설유치원,강서양천교육지원청,2,55,0.0363636,1,1,1,2.0,1.0,0,0,0.0
새소리유치원,동부교육지원청,0,207,0.0,0,0,0,0.0,0.0,0,0,0.0
새아랑유치원,동부교육지원청,0,201,0.0,0,0,0,0.0,0.0,0,0,0.0
서안유치원,동부교육지원청,0,44,0.0,0,0,0,0.0,0.0,0,0,0.0
서울답십리초등학교병설유치원,동부교육지원청,0,62,0.0,0,0,0,0.0,0.0,0,0,0.0
한성유치원,북부교육지원청,0,233,0.0,0,0,0,0.0,0.0,0,0,0.0
돌샘유치원,서부교육지원청,0,177,0.0,0,0,0,0.0,0.0,0,0,0.0
그리새유치원,강동송파교육지원청,0,68,0.0,0,0,0,0.0,0.0,0,0,0.0
아주유치원,강동송파교육지원청,0,100,0.0,0,0,0,0.0,0.0,0,0,0.0
해슬아유치원,동작관악교육지원청,0,116,0.0,0,0,0,0.0,0.0,0,0,0.0
서울군자초등학교병설유치원,동부교육지원청,0,77,0.0,0,0,0,0.0,0.0,0,0,0.0
서울경동유치원,성동광진교육지원청,7,108,0.0648148,1,1,0,0.0,0.0,0,1,7.0
동안유치원,동부교육지원청,0,95,0.0,0,0,0,0.0,0.0,0,0,0.0
미림유치원,동부교육지원청,0,39,0.0,0,0,0,0.0,0.0,0,0,0.0
빛나유치원,동부교육지원청,0,26,0.0,0,0,0,0.0,0.0,0,0,0.0
세종유치원,서부교육지원청,0,153,0.0,0,0,0,0.0,0.0,0,0,0.0
신현유치원,서부교육지원청,0,22,0.0,0,0,0,0.0,0.0,0,0,0.0
서울미양초등학교병설유치원,성북강북교육지원청,4,67,0.0597015,1,1,1,4.0,1.0,0,0,0.0
서울태랑초등학교병설유치원,북부교육지원청,3,37,0.0810811,1,1,0,0.0,0.0,0,1,3.0
새시대유치원,성북강북교육지원청,0,39,0.0,0,0,0,0.0,0.0,0,0,0.0
해리유치원,강서양천교육지원청,0,148,0.0,0,0,0,0.0,0.0,0,0,0.0
침례유치원,남부교육지원청,0,133,0.0,0,0,0,0.0,0.0,0,0,0.0
한신혜원유치원,남부교육지원청,0,104,0.0,0,0,0,0.0,0.0,0,0,0.0
경희유치원,동부교육지원청,0,153,0.0,0,0,0,0.0,0.0,0,0,0.0
서울연촌초등학교병설유치원,북부교육지원청,0,32,0.0,0,0,0,0.0,0.0,0,0,0.0
성희유치원,북부교육지원청,0,97,0.0,0,0,0,0.0,0.0,0,0,0.0
신창유치원,북부교육지원청,0,1,0.0,0,0,0,0.0,0.0,0,0,0.0
연세유치원,북부교육지원청,0,98,0.0,0,0,0,0.0,0.0,0,0,0.0
영산유치원,북부교육지원청,0,42,0.0,0,0,0,0.0,0.0,0,0,0.0
서울공덕초등학교병설유치원,서부교육지원청,0,36,0.0,0,0,0,0.0,0.0,0,0,0.0
이화유치원,강남서초교육지원청,0,36,0.0,0,0,0,0.0,0.0,0,0,0.0
천호유치원,강동송파교육지원청,0,192,0.0,0,0,0,0.0,0.0,0,0,0.0
의명유치원,강동송파교육지원청,0,149,0.0,0,0,0,0.0,0.0,0,0,0.0
명수유치원,동작관악교육지원청,0,93,0.0,0,0,0,0.0,0.0,0,0,0.0
배꽃유치원,동작관악교육지원청,0,127,0.0,0,0,0,0.0,0.0,0,0,0.0
새소슬유치원,동작관악교육지원청,0,114,0.0,0,0,0,0.0,0.0,0,0,0.0
새싹유치원,동작관악교육지원청,0,75,0.0,0,0,0,0.0,0.0,0,0,0.0
서울원당초등학교병설유치원,동작관악교육지원청,2,39,0.0512821,1,1,1,2.0,1.0,0,0,0.0
동덕여자대학교부속유치원,성북강북교육지원청,0,136,0.0,0,0,0,0.0,0.0,0,0,0.0
금호유치원,성동광진교육지원청,0,21,0.0,0,0,0,0.0,0.0,0,0,0.0
동아유치원,남부교육지원청,0,107,0.0,0,0,0,0.0,0.0,0,0,0.0
진달래유치원,동부교육지원청,0,85,0.0,0,0,0,0.0,0.0,0,0,0.0
신길에덴유치원,남부교육지원청,0,41,0.0,0,0,0,0.0,0.0,0,0,0.0
신도유치원,남부교육지원청,0,80,0.0,0,0,0,0.0,0.0,0,0,0.0
소슬유치원,동작관악교육지원청,0,42,0.0,0,0,0,0.0,0.0,0,0,0.0
송림유치원,동작관악교육지원청,0,63,0.0,0,0,0,0.0,0.0,0,0,0.0
나래유치원,북부교육지원청,0,48,0.0,0,0,0,0.0,0.0,0,0,0.0
서울동일초등학교병설유치원,북부교육지원청,0,46,0.0,0,0,0,0.0,0.0,0,0,0.0
미성유치원,북부교육지원청,0,46,0.0,0,0,0,0.0,0.0,0,0,0.0
지현유치원,북부교육지원청,0,33,0.0,0,0,0,0.0,0.0,0,0,0.0
청원유치원,북부교육지원청,0,90,0.0,0,0,0,0.0,0.0,0,0,0.0
삼성그린유치원,서부교육지원청,0,150,0.0,0,0,0,0.0,0.0,0,0,0.0
새보람유치원,서부교육지원청,0,10,0.0,0,0,0,0.0,0.0,0,0,0.0
선양유치원,성동광진교육지원청,0,160,0.0,0,0,0,0.0,0.0,0,0,0.0
옥수예일유치원,성동광진교육지원청,0,132,0.0,0,0,0,0.0,0.0,0,0,0.0
조은유치원,성동광진교육지원청,0,61,0.0,0,0,0,0.0,0.0,0,0,0.0
청운교회부설유치원,강남서초교육지원청,0,86,0.0,0,0,0,0.0,0.0,0,0,0.0
서울상경초등학교병설유치원,북부교육지원청,0,34,0.0,0,0,0,0.0,0.0,0,0,0.0
서울영림초등학교병설유치원,남부교육지원청,0,37,0.0,0,0,0,0.0,0.0,0,0,0.0
서울개포유치원,강남서초교육지원청,8,131,0.0610687,2,2,1,8.0,2.0,0,0,0.0
서울대현초등학교병설유치원,강남서초교육지원청,4,23,0.173913,1,1,0,0.0,0.0,0,1,4.0
서울방배초등학교병설유치원,강남서초교육지원청,0,57,0.0,0,0,0,0.0,0.0,0,0,0.0
성결유치원,강남서초교육지원청,0,33,0.0,0,0,0,0.0,0.0,0,0,0.0
성요셉유치원,강남서초교육지원청,0,105,0.0,0,0,0,0.0,0.0,0,0,0.0
소망유치원,강남서초교육지원청,0,15,0.0,0,0,0,0.0,0.0,0,0,0.0
경성유치원,강서양천교육지원청,0,116,0.0,0,0,0,0.0,0.0,0,0,0.0
등촌유치원,강서양천교육지원청,0,43,0.0,0,0,0,0.0,0.0,0,0,0.0
서울서빙고초등학교병설유치원,중부교육지원청,4,49,0.0816327,1,1,1,4.0,1.0,0,0,0.0
서울숭신초등학교병설유치원,성동광진교육지원청,4,62,0.0645161,1,1,1,4.0,1.0,0,0,0.0
성심유치원,중부교육지원청,0,19,0.0,0,0,0,0.0,0.0,0,0,0.0
세검정유치원,중부교육지원청,0,70,0.0,0,0,0,0.0,0.0,0,0,0.0
수암유치원,중부교육지원청,0,100,0.0,0,0,0,0.0,0.0,0,0,0.0
혜화유치원,중부교육지원청,0,89,0.0,0,0,0,0.0,0.0,0,0,0.0
서울숭례초등학교병설유치원,성북강북교육지원청,4,74,0.0540541,1,1,1,4.0,1.0,0,0,0.0
자연아이유치원,북부교육지원청,0,134,0.0,0,0,0,0.0,0.0,0,0,0.0
고덕한울유치원,강동송파교육지원청,0,63,0.0,0,0,0,0.0,0.0,0,0,0.0
영그린유치원,동작관악교육지원청,0,61,0.0,0,0,0,0.0,0.0,0,0,0.0
꿈나무유치원,강서양천교육지원청,0,180,0.0,0,0,0,0.0,0.0,0,0,0.0
노원 삼육유치원,북부교육지원청,0,43,0.0,0,0,0,0.0,0.0,0,0,0.0
샬롬유치원,성동광진교육지원청,0,34,0.0,0,0,0,0.0,0.0,0,0,0.0
서울사근초등학교병설유치원,성동광진교육지원청,4,14,0.2857143,1,1,0,0.0,0.0,0,1,4.0
서울옥정초등학교병설유치원,성동광진교육지원청,0,44,0.0,0,0,0,0.0,0.0,0,0,0.0
천사유치원,성북강북교육지원청,0,8,0.0,0,0,0,0.0,0.0,0,0,0.0
로사유치원,성동광진교육지원청,0,65,0.0,0,0,0,0.0,0.0,0,0,0.0
수정유치원,강동송파교육지원청,0,84,0.0,0,0,0,0.0,0.0,0,0,0.0
서울신미림초등학교병설유치원,남부교육지원청,0,59,0.0,0,0,0,0.0,0.0,0,0,0.0
서울삼성초등학교병설유치원,동작관악교육지원청,0,60,0.0,0,0,0,0.0,0.0,0,0,0.0
예일유치원,강서양천교육지원청,0,331,0.0,0,0,0,0.0,0.0,0,0,0.0
푸른샘유치원,성북강북교육지원청,0,154,0.0,0,0,0,0.0,0.0,0,0,0.0
우현유치원,강서양천교육지원청,0,43,0.0,0,0,0,0.0,0.0,0,0,0.0
서울독산초등학교병설유치원,남부교육지원청,0,40,0.0,0,0,0,0.0,0.0,0,0,0.0
윤희유치원,강서양천교육지원청,0,17,0.0,0,0,0,0.0,0.0,0,0,0.0
서울마곡유치원,강서양천교육지원청,9,166,0.0542169,2,2,2,4.5,1.0,0,0,0.0
서울성산초등학교병설유치원,서부교육지원청,4,53,0.0754717,1,1,1,4.0,1.0,0,0,0.0
행복한숲유치원,동작관악교육지원청,0,117,0.0,0,0,0,0.0,0.0,0,0,0.0
목동유치원,강서양천교육지원청,0,118,0.0,0,0,0,0.0,0.0,0,0,0.0
위례우일유치원,강동송파교육지원청,0,264,0.0,0,0,0,0.0,0.0,0,0,0.0
서울은곡유치원,강남서초교육지원청,4,91,0.043956,1,1,1,4.0,1.0,0,0,0.0
밤비니유치원,강서양천교육지원청,0,31,0.0,0,0,0,0.0,0.0,0,0,0.0
행복한유치원,강서양천교육지원청,0,56,0.0,0,0,0,0.0,0.0,0,0,0.0
예원유치원,강남서초교육지원청,0,78,0.0,0,0,0,0.0,0.0,0,0,0.0
서울연지유치원,북부교육지원청,4,66,0.0606061,1,1,1,4.0,1.0,0,0,0.0
서울수락산유치원,북부교육지원청,4,67,0.0597015,1,1,1,4.0,1.0,0,0,0.0
서울금나래초등학교병설유치원,남부교육지원청,4,46,0.0869565,1,1,1,4.0,1.0,0,0,0.0
서울청파유치원,중부교육지원청,5,91,0.0549451,1,1,1,5.0,1.0,0,0,0.0
서울면북초등학교병설유치원,동부교육지원청,0,7,0.0,0,0,0,0.0,0.0,0,0,0.0
서울아주초등학교병설유치원,강동송파교육지원청,0,28,0.0,0,0,0,0.0,0.0,0,0,0.0
서울고산초등학교병설유치원,남부교육지원청,0,44,0.0,0,0,0,0.0,0.0,0,0,0.0
서울상원초등학교병설유치원,북부교육지원청,0,21,0.0,0,0,0,0.0,0.0,0,0,0.0
서울좋은소리유치원,성북강북교육지원청,3,75,0.04,1,1,1,3.0,1.0,0,0,0.0
강남유정유치원,강남서초교육지원청,0,429,0.0,0,0,0,0.0,0.0,0,0,0.0
서울번동초등학교병설유치원,성북강북교육지원청,0,36,0.0,0,0,0,0.0,0.0,0,0,0.0
서울청림유치원,동작관악교육지원청,4,69,0.057971,1,1,0,0.0,0.0,0,1,4.0
서울고현초등학교병설유치원,강동송파교육지원청,0,54,0.0,0,0,0,0.0,0.0,0,0,0.0
서울영희초등학교병설유치원,강남서초교육지원청,4,78,0.0512821,1,1,1,4.0,1.0,0,0,0.0
서울노량진초등학교병설유치원,동작관악교육지원청,0,15,0.0,0,0,0,0.0,0.0,0,0,0.0
서울구암유치원,동작관악교육지원청,3,81,0.037037,1,1,1,3.0,1.0,0,0,0.0
서울동명초등학교병설유치원,성동광진교육지원청,0,22,0.0,0,0,0,0.0,0.0,0,0,0.0
서울수명유치원,강서양천교육지원청,6,110,0.0545455,2,2,1,6.0,2.0,0,0,0.0
서울거원초등학교병설유치원,강동송파교육지원청,4,47,0.0851064,1,1,1,4.0,1.0,0,0,0.0
새싹유치원,강서양천교육지원청,0,0,0.0,0,0,0,0.0,0.0,0,0,0.0
나나유치원,강서양천교육지원청,0,66,0.0,0,0,0,0.0,0.0,0,0,0.0
정암유치원,동부교육지원청,0,82,0.0,0,0,0,0.0,0.0,0,0,0.0
서울강솔유치원,강동송파교육지원청,7,119,0.0588235,2,2,2,3.5,1.0,0,0,0.0
서울대길초등학교병설유치원,남부교육지원청,0,37,0.0,0,0,0,0.0,0.0,0,0,0.0
서울이문유치원,동부교육지원청,5,103,0.0485437,1,1,0,0.0,0.0,0,1,5.0
서울당현초등학교병설유치원,북부교육지원청,0,43,0.0,0,0,0,0.0,0.0,0,0,0.0
서울금낭화유치원,강서양천교육지원청,4,60,0.0666667,1,1,0,0.0,0.0,0,1,4.0
서울용동초등학교병설유치원,북부교육지원청,0,13,0.0,0,0,0,0.0,0.0,0,0,0.0
서울동교초등학교병설유치원,서부교육지원청,0,32,0.0,0,0,0,0.0,0.0,0,0,0.0
서울신곡초등학교병설유치원,강서양천교육지원청,4,29,0.137931,1,1,1,4.0,1.0,0,0,0.0
서울수송초등학교병설유치원,성북강북교육지원청,4,36,0.1111111,1,1,1,4.0,1.0,0,0,0.0
정원유치원,동부교육지원청,0,122,0.0,0,0,0,0.0,0.0,0,0,0.0
서울신학초등학교병설유치원,북부교육지원청,0,32,0.0,0,0,0,0.0,0.0,0,0,0.0
모아유치원,동작관악교육지원청,0,75,0.0,0,0,0,0.0,0.0,0,0,0.0
시현유치원,동작관악교육지원청,0,117,0.0,0,0,0,0.0,0.0,0,0,0.0
서울중광초등학교병설유치원,성동광진교육지원청,3,52,0.0576923,1,1,0,0.0,0.0,0,1,3.0
서울청운초등학교병설유치원,중부교육지원청,0,45,0.0,0,0,0,0.0,0.0,0,0,0.0
꿈동산아이유치원,북부교육지원청,0,202,0.0,0,0,0,0.0,0.0,0,0,0.0
서울등촌초등학교병설유치원,강서양천교육지원청,0,40,0.0,0,0,0,0.0,0.0,0,0,0.0
서울성서초등학교병설유치원,서부교육지원청,5,30,0.1666667,1,1,1,5.0,1.0,0,0,0.0
서울쌍문초등학교병설유치원,북부교육지원청,0,18,0.0,0,0,0,0.0,0.0,0,0,0.0
서울불광초등학교병설유치원,서부교육지원청,0,38,0.0,0,0,0,0.0,0.0,0,0,0.0
서울응암초등학교병설유치원,서부교육지원청,4,52,0.0769231,1,1,1,4.0,1.0,0,0,0.0
서울중동초등학교병설유치원,서부교육지원청,0,38,0.0,0,0,0,0.0,0.0,0,0,0.0
서울공연초등학교병설유치원,북부교육지원청,0,11,0.0,0,0,0,0.0,0.0,0,0,0.0
서울양재유치원,강남서초교육지원청,4,99,0.040404,1,1,1,4.0,1.0,0,0,0.0
서울송천초등학교병설유치원,성북강북교육지원청,0,21,0.0,0,0,0,0.0,0.0,0,0,0.0
서울전곡초등학교병설유치원,동부교육지원청,0,29,0.0,0,0,0,0.0,0.0,0,0,0.0
서울장위초등학교병설유치원,성북강북교육지원청,3,44,0.0681818,1,1,1,3.0,1.0,0,0,0.0
서울영풍초등학교병설유치원,강동송파교육지원청,5,43,0.1162791,1,1,1,5.0,1.0,0,0,0.0
서울위례솔초등학교병설유치원,강동송파교육지원청,4,64,0.0625,1,1,1,4.0,1.0,0,0,0.0
서울가재울초등학교병설유치원,서부교육지원청,2,83,0.0240964,1,1,1,2.0,1.0,0,0,0.0
서울탑산초등학교병설유치원,강서양천교육지원청,4,45,0.0888889,1,1,1,4.0,1.0,0,0,0.0
서울청계숲유치원,강남서초교육지원청,2,75,0.0266667,1,1,1,2.0,1.0,0,0,0.0
서울남현유치원,동작관악교육지원청,2,75,0.0266667,1,1,1,2.0,1.0,0,0,0.0
서울가인초등학교병설유치원,북부교육지원청,0,11,0.0,0,0,0,0.0,0.0,0,0,0.0
서울신봉초등학교병설유치원,동작관악교육지원청,0,29,0.0,0,0,0,0.0,0.0,0,0,0.0
서울행림초등학교병설유치원,동작관악교육지원청,0,9,0.0,0,0,0,0.0,0.0,0,0,0.0
서울항동유치원,남부교육지원청,8,175,0.0457143,2,2,2,4.0,1.0,0,0,0.0
서울은로유치원,동작관악교육지원청,4,109,0.0366972,1,1,1,4.0,1.0,0,0,0.0
서울양동초등학교병설유치원,강서양천교육지원청,3,51,0.0588235,1,1,1,3.0,1.0,0,0,0.0
선아유치원,강동송파교육지원청,0,69,0.0,0,0,0,0.0,0.0,0,0,0.0
서울신월초등학교병설유치원,강서양천교육지원청,0,27,0.0,0,0,0,0.0,0.0,0,0,0.0
서울금호초등학교병설유치원,성동광진교육지원청,4,41,0.097561,1,1,1,4.0,1.0,0,0,0.0
서울방학유치원,북부교육지원청,4,60,0.0666667,1,1,0,0.0,0.0,0,1,4.0
서울좋은소리유치원분원,성북강북교육지원청,2,55,0.0363636,1,1,1,2.0,1.0,0,0,0.0
서울오봉초등학교병설유치원,북부교육지원청,0,13,0.0,0,0,0,0.0,0.0,0,0,0.0
서울중랑초등학교병설유치원,동부교육지원청,0,37,0.0,0,0,0,0.0,0.0,0,0,0.0
서울솔가람유치원분원,강동송파교육지원청,0,54,0.0,0,0,0,0.0,0.0,0,0,0.0
꿈꾸는유치원,강서양천교육지원청,0,140,0.0,0,0,0,0.0,0.0,0,0,0.0
은평하랑유치원,서부교육지원청,0,28,0.0,0,0,0,0.0,0.0,0,0,0.0
세신유치원,강서양천교육지원청,0,124,0.0,0,0,0,0.0,0.0,0,0,0.0
서울산울림유치원,서부교육지원청,5,77,0.0649351,1,1,0,0.0,0.0,0,1,5.0
서울본동초등학교병설유치원,동작관악교육지원청,0,8,0.0,0,0,0,0.0,0.0,0,0,0.0
서울봉화초등학교병설유치원,동부교육지원청,0,31,0.0,0,0,0,0.0,0.0,0,0,0.0
서울청담초등학교병설유치원,강남서초교육지원청,0,22,0.0,0,0,0,0.0,0.0,0,0,0.0
서울중흥초등학교병설유치원,동부교육지원청,7,67,0.1044776,2,2,0,0.0,0.0,0,1,7.0
서울월계초등학교병설유치원,북부교육지원청,0,13,0.0,0,0,0,0.0,0.0,0,0,0.0
서울마들유치원,북부교육지원청,4,90,0.0444444,1,1,1,4.0,1.0,0,0,0.0
서울우신초등학교병설유치원,남부교육지원청,4,43,0.0930233,1,1,1,4.0,1.0,0,0,0.0
서울숭미초등학교병설유치원,북부교육지원청,5,36,0.1388889,1,1,1,5.0,1.0,0,0,0.0
서울선유초등학교병설유치원,남부교육지원청,0,57,0.0,0,0,0,0.0,0.0,0,0,0.0
서울양원숲초등학교병설유치원,동부교육지원청,5,82,0.0609756,1,1,1,5.0,1.0,0,0,0.0
서울강빛초등학교병설유치원,강동송파교육지원청,9,144,0.0625,2,2,2,4.5,1.0,0,0,0.0
서울어진유치원,강남서초교육지원청,3,67,0.0447761,1,1,0,0.0,0.0,0,1,3.0
린덴바움유치원,중부교육지원청,0,199,0.0,0,0,0,0.0,0.0,0,0,0.0
서울경일초등학교병설유치원,성동광진교육지원청,0,31,0.0,0,0,0,0.0,0.0,0,0,0.0
서울북한산유치원,서부교육지원청,5,82,0.0609756,1,1,1,5.0,1.0,0,0,0.0
서울용곡초등학교병설유치원,성동광진교육지원청,0,30,0.0,0,0,0,0.0,0.0,0,0,0.0
서울송정초등학교병설유치원,강서양천교육지원청,3,64,0.046875,1,1,1,3.0,1.0,0,0,0.0
서울중목초등학교병설유치원,동부교육지원청,0,23,0.0,0,0,0,0.0,0.0,0,0,0.0
서울개화초등학교병설유치원,강서양천교육지원청,0,7,0.0,0,0,0,0.0,0.0,0,0,0.0
서울당곡초등학교병설유치원,동작관악교육지원청,0,41,0.0,0,0,0,0.0,0.0,0,0,0.0
서울계상초등학교병설유치원,북부교육지원청,0,14,0.0,0,0,0,0.0,0.0,0,0,0.0
서울광희초등학교병설유치원,중부교육지원청,0,30,0.0,0,0,0,0.0,0.0,0,0,0.0
홍익가족유치원,강동송파교육지원청,0,131,0.0,0,0,0,0.0,0.0,0,0,0.0
서울포이초등학교병설유치원,강남서초교육지원청,0,32,0.0,0,0,0,0.0,0.0,0,0,0.0
서울우이유치원,성북강북교육지원청,10,95,0.1052632,3,3,2,5.0,1.5,0,0,0.0
서울신정유치원,강서양천교육지원청,6,116,0.0517241,2,2,2,3.0,1.0,0,0,0.0
이솔유치원,강서양천교육지원청,0,60,0.0,0,0,0,0.0,0.0,0,0,0.0
서울남부초등학교병설유치원,동작관악교육지원청,5,50,0.1,1,1,1,5.0,1.0,0,0,0.0
서울신양초등학교병설유치원,성동광진교육지원청,0,46,0.0,0,0,0,0.0,0.0,0,0,0.0
서울고일초등학교병설유치원,강동송파교육지원청,4,54,0.0740741,1,1,1,4.0,1.0,0,0,0.0
서울문교초등학교병설유치원,남부교육지원청,4,31,0.1290323,1,1,0,0.0,0.0,0,1,4.0
서울오류남초등학교병설유치원,남부교육지원청,0,29,0.0,0,0,0,0.0,0.0,0,0,0.0
서울어울초등학교병설유치원,서부교육지원청,0,48,0.0,0,0,0,0.0,0.0,0,0,0.0
서울위례별유치원,강동송파교육지원청,9,181,0.0497238,2,2,2,4.5,1.0,0,0,0.0
서울역촌유치원,서부교육지원청,0,26,0.0,0,0,1,0.0,0.0,0,0,0.0
서울신림초등학교병설유치원,동작관악교육지원청,0,30,0.0,0,0,0,0.0,0.0,0,0,0.0
서울한서초등학교병설유치원,서부교육지원청,0,40,0.0,0,0,0,0.0,0.0,0,0,0.0
라온유치원,동부교육지원청,0,51,0.0,0,0,0,0.0,0.0,0,0,0.0
서울태릉초등학교병설유치원,북부교육지원청,0,27,0.0,0,0,0,0.0,0.0,0,0,0.0
서울무학초등학교병설유치원,성동광진교육지원청,0,39,0.0,0,0,0,0.0,0.0,0,0,0.0
서울강솔초등학교병설유치원,강동송파교육지원청,10,127,0.0787402,2,2,2,5.0,1.0,0,0,0.0
서울학동초등학교병설유치원,강남서초교육지원청,0,29,0.0,0,0,0,0.0,0.0,0,0,0.0
서울가양초등학교병설유치원,강서양천교육지원청,0,38,0.0,0,0,0,0.0,0.0,0,0,0.0
서울송파초등학교병설유치원,강동송파교육지원청,0,32,0.0,0,0,0,0.0,0.0,0,0,0.0
서울등명초등학교병설유치원,강서양천교육지원청,0,23,0.0,0,0,0,0.0,0.0,0,0,0.0
